Player,Pos,Team,G,MP,PTS,TRB,AST,WS,BPM,Salary,Value_per_Million
DeMar DeRozan,SF,CHI,79.0,2989.0,22.8,4.1,5.1,7.1,-0.1,23400000.0,0.3034188034188034
Domantas Sabonis,C,SAC,82.0,2928.0,19.6,13.8,8.3,10.1,5.2,40500000.0,0.2493827160493827
Coby White,PG,CHI,79.0,2881.0,18.9,4.5,5.1,4.5,-0.9,12000000.0,0.375
Mikal Bridges,SF,BRK,82.0,2854.0,20.3,4.7,3.8,5.7,-0.5,23300000.0,0.2446351931330472
Paolo Banchero,PF,ORL,80.0,2799.0,23.2,7.1,5.5,3.5,3.5,12160800.0,0.2878100124991777
Kevin Durant,PF,PHO,75.0,2791.0,26.2,6.4,4.9,5.2,3.2,51179021.0,0.10160413189615332
Dejounte Murray,SG,ATL,78.0,2783.0,22.7,5.4,6.5,0.2,-1.6,29517135.0,0.006775725354103642
Anthony Edwards,SG,MIN,79.0,2770.0,26.6,5.6,5.3,8.4,4.3,42176400.0,0.19916351324437365
Nikola Jokić,C,DEN,79.0,2737.0,27.4,12.8,9.3,16.4,13.3,51415938.0,0.31896724319217906
Jalen Brunson,PG,NYK,77.0,2726.0,29.2,3.7,6.9,8.3,3.3,24960001.0,0.3325320379594537
Josh Hart,SF,NYK,81.0,2707.0,10.1,9.0,4.4,9.2,2.8,18144000.0,0.5070546737213404
Anthony Davis,C,LAL,76.0,2700.0,25.0,12.8,3.5,6.7,5.4,43219440.0,0.15502283231804947
Anthony Davis,C,LAL,76.0,2700.0,25.0,12.8,3.5,6.2,6.0,43219440.0,0.14345396423461296
Anthony Davis,C,LAL,76.0,2700.0,25.0,12.8,3.5,0.5,2.5,43219440.0,0.011568868083436528
Fred VanVleet,PG,HOU,73.0,2684.0,17.0,3.7,7.9,5.2,0.9,42846615.0,0.12136314619019496
De'Aaron Fox,PG,SAC,74.0,2659.0,26.6,4.6,5.7,4.3,0.4,34848340.0,0.12339181722859682
De'Aaron Fox,PG,SAC,74.0,2659.0,26.6,4.6,5.7,3.5,1.2,34848340.0,0.10043520006978812
De'Aaron Fox,PG,SAC,74.0,2659.0,26.6,4.6,5.7,0.9,-2.0,34848340.0,0.025826194303659802
Pascal Siakam,PF,2TM,80.0,2657.0,23.5,7.7,4.6,7.5,1.7,42176400.0,0.17782456539676217
Pascal Siakam,PF,TOR,39.0,1354.0,23.0,6.5,5.1,7.5,1.7,42176400.0,0.17782456539676217
Pascal Siakam,PF,IND,41.0,1303.0,24.1,8.8,4.2,7.5,1.7,42176400.0,0.17782456539676217
Jayson Tatum,PF,BOS,74.0,2645.0,27.0,8.2,5.0,9.5,5.2,34848340.0,0.27260982876085343
Austin Reaves,SG,LAL,82.0,2629.0,17.8,4.8,6.2,7.6,1.9,12976362.0,0.5856803316676893
Tyrese Maxey,PG,PHI,70.0,2626.0,24.9,3.5,5.9,3.8,2.0,35147000.0,0.10811733576123139
Luka Dončić,PG,DAL,70.0,2624.0,32.5,8.9,9.4,5.9,6.7,43031940.0,0.13710746017957826
Luka Dončić,PG,DAL,70.0,2624.0,32.5,8.9,9.4,2.5,6.9,43031940.0,0.05809638143202468
Luka Dončić,PG,DAL,70.0,2624.0,32.5,8.9,9.4,3.4,6.5,43031940.0,0.07901107874755356
Nikola Vučević,C,CHI,76.0,2610.0,18.9,11.0,3.5,7.3,2.6,20000000.0,0.365
Jalen Green,SG,HOU,82.0,2601.0,22.3,5.9,4.0,5.1,0.5,12483048.0,0.4085540646803569
Rudy Gobert,C,MIN,76.0,2593.0,14.7,13.6,1.4,10.1,1.9,43827586.0,0.23044846686285667
Keegan Murray,SF,SAC,77.0,2588.0,16.3,5.8,1.8,4.4,-1.6,8809560.0,0.4994574076344336
Miles Bridges,SF,CHO,69.0,2581.0,20.2,7.0,3.2,3.2,1.8,27173913.0,0.11776000018841601
Damian Lillard,PG,MIL,73.0,2579.0,24.8,4.5,7.1,7.6,4.0,48787676.0,0.155777045006202
Giannis Antetokounmpo,PF,MIL,73.0,2567.0,31.2,11.8,6.7,11.5,9.5,48787676.0,0.2357152654699109
Michael Porter Jr.,SF,DEN,81.0,2565.0,19.0,7.9,1.7,6.4,-0.1,35859950.0,0.17847208375917983
Shai Gilgeous-Alexander,PG,OKC,75.0,2553.0,31.8,5.9,6.6,16.7,11.5,35859950.0,0.4657005935591098
Grayson Allen,SG,PHO,75.0,2513.0,14.5,4.2,3.3,2.5,-0.3,15625000.0,0.16
LeBron James,PF,LAL,71.0,2504.0,26.2,7.4,8.5,7.7,5.6,48728845.0,0.15801728934884463
Paul George,PF,LAC,74.0,2502.0,24.0,5.6,3.8,1.0,-0.4,49205800.0,0.020322807473915676
Dennis Schröder,PG,2TM,80.0,2486.0,16.2,3.5,7.1,3.2,-2.2,13025250.0,0.2456766664747318
Dennis Schröder,PG,2TM,80.0,2486.0,16.2,3.5,7.1,1.6,0.0,13025250.0,0.1228383332373659
Dennis Schröder,PG,2TM,80.0,2486.0,16.2,3.5,7.1,0.2,-5.2,13025250.0,0.015354791654670737
Dennis Schröder,PG,2TM,80.0,2486.0,16.2,3.5,7.1,1.5,-2.1,13025250.0,0.11516093741003051
Dennis Schröder,PG,TOR,51.0,1559.0,16.1,3.2,7.2,3.2,-2.2,13025250.0,0.2456766664747318
Dennis Schröder,PG,TOR,51.0,1559.0,16.1,3.2,7.2,1.6,0.0,13025250.0,0.1228383332373659
Dennis Schröder,PG,TOR,51.0,1559.0,16.1,3.2,7.2,0.2,-5.2,13025250.0,0.015354791654670737
Dennis Schröder,PG,TOR,51.0,1559.0,16.1,3.2,7.2,1.5,-2.1,13025250.0,0.11516093741003051
Dennis Schröder,PG,BRK,29.0,927.0,16.5,4.0,6.8,3.2,-2.2,13025250.0,0.2456766664747318
Dennis Schröder,PG,BRK,29.0,927.0,16.5,4.0,6.8,1.6,0.0,13025250.0,0.1228383332373659
Dennis Schröder,PG,BRK,29.0,927.0,16.5,4.0,6.8,0.2,-5.2,13025250.0,0.015354791654670737
Dennis Schröder,PG,BRK,29.0,927.0,16.5,4.0,6.8,1.5,-2.1,13025250.0,0.11516093741003051
D'Angelo Russell,PG,LAL,76.0,2484.0,19.8,3.4,7.0,1.9,-0.4,18692307.0,0.10164609429964958
D'Angelo Russell,PG,LAL,76.0,2484.0,19.8,3.4,7.0,1.0,-1.7,18692307.0,0.05349794436823663
D'Angelo Russell,PG,LAL,76.0,2484.0,19.8,3.4,7.0,0.9,1.0,18692307.0,0.04814814993141296
James Harden,PG,LAC,72.0,2470.0,17.4,5.4,8.9,8.3,4.3,33653846.0,0.24662857255601633
Devin Booker,PG,PHO,68.0,2447.0,27.1,4.5,6.9,6.4,0.4,49205800.0,0.13006596783306032
Jarrett Allen,C,CLE,77.0,2442.0,18.7,12.0,3.1,11.6,4.2,20000000.0,0.58
Jabari Smith Jr.,PF,HOU,76.0,2424.0,15.5,9.1,1.8,4.2,-0.7,9770880.0,0.4298486932599725
Bam Adebayo,C,MIA,71.0,2416.0,20.4,11.0,4.1,7.5,2.0,34848340.0,0.21521828586383168
Chet Holmgren,C,OKC,82.0,2413.0,20.2,9.7,3.0,3.2,2.4,10880640.0,0.29410034703840954
Brook Lopez,C,MIL,79.0,2411.0,14.8,6.1,1.9,6.6,0.8,23000000.0,0.28695652173913044
Kentavious Caldwell-Pope,SG,DEN,76.0,2402.0,11.5,2.7,2.7,4.6,-1.4,22757000.0,0.20213560662653246
Bogdan Bogdanović,SG,ATL,79.0,2401.0,20.0,4.1,3.7,1.9,-2.0,17260000.0,0.11008111239860949
Bogdan Bogdanović,SG,ATL,79.0,2401.0,20.0,4.1,3.7,-0.1,-4.7,17260000.0,-0.005793742757821552
Bogdan Bogdanović,SG,ATL,79.0,2401.0,20.0,4.1,3.7,2.0,0.2,17260000.0,0.11587485515643105
Brandon Miller,SF,CHO,74.0,2383.0,19.3,4.8,2.6,0.4,0.0,11424600.0,0.035012166727937964
Harrison Barnes,PF,SAC,82.0,2381.0,15.1,3.8,1.5,5.6,0.0,18000000.0,0.3111111111111111
Derrick White,SG,BOS,73.0,2381.0,16.7,4.7,5.7,8.5,3.5,20071429.0,0.4234875354415473
Tobias Harris,PF,PHI,70.0,2368.0,18.3,6.9,3.3,5.2,0.1,25365854.0,0.20499999724038467
Donte DiVincenzo,SG,NYK,81.0,2360.0,19.2,4.5,3.3,3.9,1.9,11445000.0,0.34076015727391873
Jordan Poole,SG,WAS,78.0,2346.0,20.8,3.3,5.3,2.0,0.4,29651786.0,0.06744956273460222
Jaylen Brown,SF,BOS,70.0,2343.0,24.7,5.9,3.8,5.2,0.0,49205800.0,0.10567859886436151
Malik Beasley,SG,MIL,79.0,2337.0,13.7,4.5,1.7,4.7,0.8,6000000.0,0.7833333333333333
Franz Wagner,SF,ORL,72.0,2337.0,21.9,5.9,4.1,5.6,3.1,7007092.0,0.7991903060499277
Kawhi Leonard,SF,LAC,68.0,2330.0,24.9,6.4,3.8,3.5,3.1,49205800.0,0.07112982615870486
Herbert Jones,SF,NOP,76.0,2321.0,13.0,4.2,3.1,0.4,-3.6,12976362.0,0.03082528061408891
Aaron Gordon,PF,DEN,73.0,2297.0,15.9,7.4,4.1,4.3,1.2,22841455.0,0.18825420709845322
Klay Thompson,SF,GSW,77.0,2284.0,21.7,4.0,2.8,1.8,-1.0,15873016.0,0.1133999990928
Kyle Kuzma,PF,WAS,70.0,2281.0,24.5,7.3,4.7,-0.9,-4.9,24456061.0,-0.036800693292349904
Kyle Kuzma,PF,WAS,70.0,2281.0,24.5,7.3,4.7,-1.3,-5.2,24456061.0,-0.05315655697783875
Kyle Kuzma,PF,WAS,70.0,2281.0,24.5,7.3,4.7,0.3,-4.7,24456061.0,0.012266897764116633
Jrue Holiday,PG,BOS,69.0,2263.0,13.7,5.9,5.3,5.1,0.7,30000000.0,0.16999999999999998
Deni Avdija,SF,WAS,75.0,2257.0,17.6,8.6,4.6,5.6,2.1,15625000.0,0.3584
Devin Vassell,SG,SAS,68.0,2248.0,21.2,4.2,4.4,2.2,-1.1,29347826.0,0.07496296318507545
Luguentz Dort,SF,OKC,79.0,2246.0,13.8,4.6,1.8,5.6,0.2,16500000.0,0.33939393939393936
Max Strus,SF,CLE,70.0,2239.0,13.7,5.4,4.6,3.4,1.3,15212068.0,0.22350675792403768
Dillon Brooks,SF,HOU,72.0,2227.0,14.8,4.0,1.9,5.1,-1.4,22255493.0,0.22915690971213262
Tyrese Haliburton,PG,IND,69.0,2224.0,22.5,4.4,12.2,10.4,5.8,42176400.0,0.24658339735017687
Jalen Williams,PF,OKC,71.0,2223.0,21.9,4.6,5.2,7.8,4.0,4775760.0,1.6332479019046182
P.J. Washington,PF,2TM,73.0,2221.0,15.2,6.7,2.3,2.4,-0.9,15500000.0,0.15483870967741936
P.J. Washington,PF,CHO,44.0,1286.0,16.8,6.5,2.7,2.4,-0.9,15500000.0,0.15483870967741936
P.J. Washington,PF,DAL,29.0,935.0,13.1,6.9,1.7,2.4,-0.9,15500000.0,0.15483870967741936
Jaden Ivey,SG,DET,77.0,2217.0,19.2,4.3,4.8,1.2,0.0,7977240.0,0.1504279675677302
Ayo Dosunmu,SG,CHI,76.0,2212.0,15.0,3.5,3.9,2.5,-1.6,7000000.0,0.35714285714285715
Zion Williamson,PF,NOP,70.0,2207.0,26.1,6.6,5.7,2.5,7.0,36725670.0,0.06807227751052601
Mike Conley,PG,MIN,76.0,2193.0,14.3,3.6,7.4,5.2,1.2,9975962.0,0.5212529879323918
Jeremy Sochan,PF,SAS,74.0,2193.0,14.1,7.8,4.1,2.7,-1.2,5570040.0,0.4847361957903355
Buddy Hield,SF,2TM,84.0,2160.0,16.9,4.5,3.9,2.8,-1.0,8780488.0,0.31888888180246927
Buddy Hield,SF,IND,52.0,1336.0,16.8,4.5,3.7,2.8,-1.0,8780488.0,0.31888888180246927
Buddy Hield,SG,PHI,32.0,824.0,17.0,4.5,4.2,2.8,-1.0,8780488.0,0.31888888180246927
CJ McCollum,PG,NOP,66.0,2159.0,22.0,4.8,5.1,1.5,-1.4,33333333.0,0.04500000045
Spencer Dinwiddie,PG,2TM,76.0,2152.0,13.3,3.4,6.0,3.7,-1.6,2087519.0,1.7724389574418247
Spencer Dinwiddie,PG,BRK,48.0,1474.0,14.8,3.9,7.0,3.7,-1.6,2087519.0,1.7724389574418247
Spencer Dinwiddie,PG,LAL,28.0,678.0,10.1,2.5,3.6,3.7,-1.6,2087519.0,1.7724389574418247
Tre Jones,PG,SAS,77.0,2138.0,13.0,4.9,8.0,2.9,1.5,9104167.0,0.318535457444926
Tre Jones,PG,SAS,77.0,2138.0,13.0,4.9,8.0,1.1,-0.1,9104167.0,0.12082379420324782
Tre Jones,PG,SAS,77.0,2138.0,13.0,4.9,8.0,1.8,3.1,9104167.0,0.19771166324167824
Grant Williams,PF,2TM,76.0,2130.0,13.3,5.4,2.9,0.7,-1.6,13025250.0,0.05374177079134757
Grant Williams,PF,DAL,47.0,1242.0,11.1,4.9,2.3,0.7,-1.6,13025250.0,0.05374177079134757
Grant Williams,PF,CHO,29.0,888.0,16.3,6.0,3.8,0.7,-1.6,13025250.0,0.05374177079134757
Jaren Jackson Jr.,C,MEM,66.0,2124.0,25.2,6.2,2.6,6.4,2.3,25257798.0,0.2533870925723612
Tim Hardaway Jr.,SF,DAL,79.0,2120.0,19.3,4.3,2.4,3.5,-2.1,16193183.0,0.21614033510274044
Nic Claxton,C,BRK,71.0,2116.0,14.3,12.0,2.5,4.3,0.4,27556817.0,0.15604124380548015
Jaime Jaquez Jr.,SF,MIA,75.0,2113.0,15.1,4.9,3.3,2.3,-0.9,3685800.0,0.6240164957404091
Taurean Prince,PF,LAL,78.0,2108.0,11.9,3.9,2.0,3.5,-1.7,2087519.0,1.676631446228753
Victor Wembanyama,C,SAS,71.0,2106.0,26.0,12.9,4.7,3.8,6.5,12768960.0,0.29759667192942885
Jaden McDaniels,SF,MIN,72.0,2105.0,12.9,3.8,1.7,6.3,0.0,23017242.0,0.2737078577876533
Brandon Ingram,SF,NOP,64.0,2103.0,22.8,5.5,6.2,0.0,-0.3,36016200.0,0.0
Scottie Barnes,SG,TOR,60.0,2094.0,20.5,8.5,6.2,3.5,2.4,10130980.0,0.34547496885789925
Jusuf Nurkić,C,PHO,76.0,2078.0,14.4,14.5,5.2,1.5,-1.3,18125000.0,0.08275862068965517
Jusuf Nurkić,C,PHO,76.0,2078.0,14.4,14.5,5.2,0.5,-3.4,18125000.0,0.027586206896551724
Jusuf Nurkić,C,PHO,76.0,2078.0,14.4,14.5,5.2,1.0,1.2,18125000.0,0.05517241379310345
Myles Turner,C,IND,77.0,2076.0,22.8,9.2,1.7,4.7,0.4,19928500.0,0.23584313922272124
Collin Sexton,SG,UTA,78.0,2075.0,25.3,3.6,6.6,2.4,-0.6,18350000.0,0.1307901907356948
Cam Thomas,SG,BRK,66.0,2075.0,25.7,3.7,3.3,1.2,0.3,4041249.0,0.29693790211887466
Cade Cunningham,PG,DET,62.0,2074.0,24.4,4.7,8.1,5.9,3.9,13940809.0,0.4232179065074344
Corey Kispert,SF,WAS,80.0,2067.0,18.6,3.9,2.7,1.1,-3.7,5705887.0,0.19278334814552062
Kelly Oubre Jr.,SF,PHI,68.0,2055.0,18.4,6.0,1.8,2.6,-2.3,7983000.0,0.3256920957033697
Alperen Şengün,C,HOU,63.0,2046.0,23.4,10.4,5.5,8.3,4.4,5424654.0,1.5300515019022412
Jimmy Butler,PF,MIA,60.0,2042.0,22.0,5.6,5.3,8.7,4.9,48798677.0,0.1782835219077763
Jimmy Butler,PF,MIA,60.0,2042.0,22.0,5.6,5.3,3.7,4.8,48798677.0,0.07582172770790488
Jimmy Butler,PF,MIA,60.0,2042.0,22.0,5.6,5.3,4.9,5.0,48798677.0,0.10041255831587402
Alex Caruso,SG,CHI,71.0,2040.0,12.6,4.8,4.4,3.9,4.0,9890000.0,0.39433771486349845
Terry Rozier,SG,2TM,61.0,2040.0,21.3,4.4,6.0,1.0,-3.7,24924126.0,0.040121767960890585
Terry Rozier,SG,CHO,30.0,1065.0,23.5,4.0,6.7,1.0,-3.7,24924126.0,0.040121767960890585
Terry Rozier,PG,MIA,31.0,975.0,18.8,4.8,5.3,1.0,-3.7,24924126.0,0.040121767960890585
Keldon Johnson,SF,SAS,69.0,2038.0,19.1,6.7,3.4,3.2,-1.6,19000000.0,0.16842105263157894
Kyrie Irving,SG,DAL,58.0,2030.0,26.4,5.1,5.3,4.6,3.4,41000000.0,0.1121951219512195
Karl-Anthony Towns,PF,MIN,62.0,2026.0,24.0,9.2,3.4,10.1,3.6,49205800.0,0.2052603554865483
Jalen Suggs,SG,ORL,75.0,2025.0,16.8,4.1,3.6,1.1,0.4,9188385.0,0.11971635929491418
Keyonte George,PG,UTA,75.0,2023.0,17.3,3.8,5.9,1.1,-2.7,4084200.0,0.2693305910582244
Josh Giddey,SG,OKC,80.0,2011.0,17.7,9.2,6.9,5.3,3.0,8352367.0,0.6345506609084587
Bobby Portis,PF,MIL,82.0,2008.0,20.3,10.9,1.9,2.7,0.2,12578286.0,0.2146556375010077
Aaron Nesmith,SF,IND,72.0,1995.0,15.8,5.0,1.9,2.9,-0.5,11000000.0,0.2636363636363636
Gary Trent Jr.,SG,TOR,71.0,1994.0,17.6,3.4,2.1,3.3,-1.6,2087519.0,1.5808239350156812
Norman Powell,SG,LAC,76.0,1990.0,19.1,3.5,1.5,5.3,1.5,19241379.0,0.27544803311654537
Immanuel Quickley,SG,2TM,68.0,1985.0,21.0,4.7,6.0,2.5,2.2,32500000.0,0.07692307692307693
Immanuel Quickley,SG,NYK,30.0,720.0,22.5,3.8,3.7,2.5,2.2,32500000.0,0.07692307692307693
Immanuel Quickley,PG,TOR,38.0,1265.0,20.1,5.2,7.3,2.5,2.2,32500000.0,0.07692307692307693
Brandin Podziemski,SG,GSW,74.0,1968.0,12.5,7.8,5.0,4.2,0.7,3519960.0,1.1931953772201958
Naz Reid,PF,MIN,81.0,1964.0,20.0,7.8,1.9,5.7,1.6,13986432.0,0.4075378195096505
Caris LeVert,SG,CLE,68.0,1958.0,17.5,5.1,6.4,4.0,0.9,16615384.0,0.24074074965706482
Caris LeVert,SG,CLE,68.0,1958.0,17.5,5.1,6.4,2.3,1.2,16615384.0,0.13842593105281226
Caris LeVert,SG,CLE,68.0,1958.0,17.5,5.1,6.4,1.6,0.4,16615384.0,0.09629629986282594
Royce O'Neale,SF,2TM,79.0,1954.0,11.2,6.9,4.0,2.8,0.1,9375000.0,0.29866666666666664
Royce O'Neale,SF,BRK,49.0,1202.0,10.9,6.6,4.1,2.8,0.1,9375000.0,0.29866666666666664
Royce O'Neale,SF,PHO,30.0,752.0,11.7,7.5,3.9,2.8,0.1,9375000.0,0.29866666666666664
Jonathan Kuminga,PF,GSW,74.0,1949.0,21.9,6.6,3.0,1.9,-0.6,7636307.0,0.24881136916051172
Donovan Mitchell,SG,CLE,55.0,1942.0,27.1,5.2,6.2,7.6,3.7,35410310.0,0.21462675700946982
Trae Young,PG,ATL,54.0,1942.0,25.7,2.8,10.8,5.7,0.5,43031940.0,0.13245974966501628
Dorian Finney-Smith,PF,BRK,68.0,1934.0,10.8,5.9,2.0,2.9,-1.0,14924167.0,0.1943157028462627
Dorian Finney-Smith,PF,BRK,68.0,1934.0,10.8,5.9,2.0,1.1,0.0,14924167.0,0.07370595625203069
Dorian Finney-Smith,PF,BRK,68.0,1934.0,10.8,5.9,2.0,1.8,-1.5,14924167.0,0.12060974659423203
Tyus Jones,PG,WAS,66.0,1933.0,14.7,3.3,9.0,4.4,0.1,2087519.0,2.1077652466875754
Jonas Valančiūnas,C,NOP,82.0,1925.0,18.7,13.5,3.2,4.3,0.6,9900000.0,0.4343434343434343
Jonas Valančiūnas,C,NOP,82.0,1925.0,18.7,13.5,3.2,2.3,0.4,9900000.0,0.2323232323232323
Jonas Valančiūnas,C,NOP,82.0,1925.0,18.7,13.5,3.2,2.1,1.1,9900000.0,0.21212121212121213
Nickeil Alexander-Walker,SG,MIN,82.0,1921.0,12.3,3.1,3.8,4.3,-0.4,4312500.0,0.9971014492753623
Andrew Wiggins,SF,GSW,71.0,1920.0,17.6,6.0,2.2,4.0,0.9,26276786.0,0.15222561846033986
Andrew Wiggins,SF,GSW,71.0,1920.0,17.6,6.0,2.2,3.2,1.0,26276786.0,0.1217804947682719
Andrew Wiggins,SF,GSW,71.0,1920.0,17.6,6.0,2.2,0.8,0.7,26276786.0,0.030445123692067973
Duncan Robinson,SF,MIA,68.0,1905.0,16.5,3.3,3.6,2.7,-1.7,19406000.0,0.13913222714624346
John Collins,PF,UTA,68.0,1901.0,19.4,10.9,1.5,2.5,1.0,26580000.0,0.09405568096313018
Darius Garland,PG,CLE,57.0,1901.0,19.5,2.9,7.1,8.1,3.1,36725670.0,0.22055417913410427
Isaiah Hartenstein,C,NYK,75.0,1896.0,11.1,11.9,3.6,6.8,3.2,30000000.0,0.22666666666666666
Eric Gordon,SG,PHO,68.0,1893.0,14.2,2.3,2.6,0.9,-1.6,3303771.0,0.27241597556247094
Jalen Johnson,SF,ATL,56.0,1889.0,17.1,9.3,3.9,2.4,1.8,4510905.0,0.5320440133410036
Isaac Okoro,SF,CLE,69.0,1887.0,12.3,3.9,2.5,2.5,-0.5,10185186.0,0.2454545258181834
Clint Capela,C,ATL,73.0,1883.0,16.0,14.8,1.7,3.2,-1.0,22265280.0,0.14372152517282513
Terance Mann,SG,LAC,75.0,1873.0,12.6,4.9,2.3,3.0,-1.3,11423077.0,0.26262626085773566
Terance Mann,SG,LAC,75.0,1873.0,12.6,4.9,2.3,1.4,-1.3,11423077.0,0.12255892173360995
Terance Mann,SG,LAC,75.0,1873.0,12.6,4.9,2.3,1.6,-1.3,11423077.0,0.14006733912412567
Malik Monk,SG,SAC,72.0,1872.0,21.3,4.1,7.1,2.8,-0.8,17405203.0,0.16087143597233539
Bruce Brown,SG,2TM,67.0,1866.0,14.0,5.5,3.7,0.7,-3.8,23000000.0,0.03043478260869565
Bruce Brown,SG,2TM,67.0,1866.0,14.0,5.5,3.7,0.4,-2.5,23000000.0,0.017391304347826087
Bruce Brown,SG,2TM,67.0,1866.0,14.0,5.5,3.7,0.2,-4.6,23000000.0,0.008695652173913044
Bruce Brown,SG,IND,33.0,981.0,14.6,5.7,3.7,0.7,-3.8,23000000.0,0.03043478260869565
Bruce Brown,SG,IND,33.0,981.0,14.6,5.7,3.7,0.4,-2.5,23000000.0,0.017391304347826087
Bruce Brown,SG,IND,33.0,981.0,14.6,5.7,3.7,0.2,-4.6,23000000.0,0.008695652173913044
Bruce Brown,PG,TOR,34.0,885.0,13.3,5.3,3.7,0.7,-3.8,23000000.0,0.03043478260869565
Bruce Brown,PG,TOR,34.0,885.0,13.3,5.3,3.7,0.4,-2.5,23000000.0,0.017391304347826087
Bruce Brown,PG,TOR,34.0,885.0,13.3,5.3,3.7,0.2,-4.6,23000000.0,0.008695652173913044
Jamal Murray,PG,DEN,59.0,1861.0,24.2,4.7,7.4,6.2,0.8,36016200.0,0.17214475708153554
RJ Barrett,SG,2TM,58.0,1838.0,22.9,6.2,3.8,2.4,0.6,25794643.0,0.09304257477027303
RJ Barrett,SG,NYK,26.0,766.0,22.3,5.2,3.0,2.4,0.6,25794643.0,0.09304257477027303
RJ Barrett,SG,TOR,32.0,1072.0,23.4,6.9,4.4,2.4,0.6,25794643.0,0.09304257477027303
Georges Niang,PF,CLE,82.0,1831.0,15.1,5.5,1.9,2.9,-2.3,8500000.0,0.3411764705882353
Georges Niang,PF,CLE,82.0,1831.0,15.1,5.5,1.9,2.2,-1.8,8500000.0,0.25882352941176473
Georges Niang,PF,CLE,82.0,1831.0,15.1,5.5,1.9,0.7,-3.1,8500000.0,0.08235294117647059
Jerami Grant,PF,POR,54.0,1830.0,22.3,3.8,3.0,1.8,-1.6,29793104.0,0.06041666554783953
Rui Hachimura,PF,LAL,68.0,1826.0,18.2,5.8,1.6,4.3,-0.7,17000000.0,0.2529411764705882
Payton Pritchard,PG,BOS,82.0,1825.0,15.5,5.2,5.5,8.6,3.5,6696429.0,1.2842665844736052
Lauri Markkanen,PF,UTA,55.0,1820.0,25.3,8.9,2.2,2.2,-0.3,42176400.0,0.05216187251638357
Reggie Jackson,PG,DEN,82.0,1817.0,16.5,3.1,6.1,0.1,-4.0,4033748.0,0.024790839685572823
Reggie Jackson,PG,DEN,82.0,1817.0,16.5,3.1,6.1,0.1,-4.0,4033748.0,0.024790839685572823
Cole Anthony,PG,ORL,81.0,1817.0,18.6,6.2,4.7,2.0,0.1,12900000.0,0.15503875968992248
Daniel Gafford,PF,2TM,74.0,1815.0,16.1,11.1,2.3,5.9,3.8,13394160.0,0.44049048241920363
Daniel Gafford,C,WAS,45.0,1192.0,14.8,10.9,2.1,5.9,3.8,13394160.0,0.44049048241920363
Daniel Gafford,PF,DAL,29.0,623.0,18.7,11.6,2.7,5.9,3.8,13394160.0,0.44049048241920363
Ivica Zubac,C,LAC,68.0,1794.0,15.9,12.6,1.9,11.7,3.1,11743210.0,0.9963204268679517
Deandre Ayton,C,POR,55.0,1784.0,18.6,12.3,1.8,2.8,-0.7,34005126.0,0.08234052713111548
Derrick Jones Jr.,SF,DAL,76.0,1783.0,13.3,5.0,1.5,4.7,-0.3,9523810.0,0.4934999753250013
Kyle Anderson,PF,MIN,79.0,1782.0,10.2,5.5,6.7,2.8,1.5,8780488.0,0.31888888180246927
Kyle Anderson,PF,MIN,79.0,1782.0,10.2,5.5,6.7,1.5,2.3,8780488.0,0.17083332953703712
Kyle Anderson,PF,MIN,79.0,1782.0,10.2,5.5,6.7,1.3,0.6,8780488.0,0.14805555226543218
Jalen Duren,C,DET,61.0,1777.0,17.0,14.4,3.0,9.2,3.1,4536840.0,2.0278431683727
Bradley Beal,SG,PHO,53.0,1767.0,19.6,4.7,5.4,2.4,-1.1,50203930.0,0.04780502243549459
Scoot Henderson,PG,POR,62.0,1765.0,17.7,4.0,6.9,1.8,-2.2,10259160.0,0.17545296106113953
Nick Richards,C,CHO,67.0,1759.0,13.3,11.0,1.1,3.0,-3.3,5000000.0,0.6
Nick Richards,C,CHO,67.0,1759.0,13.3,11.0,1.1,1.1,-2.0,5000000.0,0.22000000000000003
Nick Richards,C,CHO,67.0,1759.0,13.3,11.0,1.1,1.9,-3.9,5000000.0,0.38
Kelly Olynyk,C,2TM,78.0,1759.0,15.6,8.4,7.1,1.7,-0.7,12804878.0,0.1327619052676644
Kelly Olynyk,C,2TM,78.0,1759.0,15.6,8.4,7.1,0.9,0.2,12804878.0,0.0702857145534694
Kelly Olynyk,C,2TM,78.0,1759.0,15.6,8.4,7.1,0.8,-1.4,12804878.0,0.062476190714195017
Kelly Olynyk,C,UTA,50.0,1019.0,14.3,9.0,7.7,1.7,-0.7,12804878.0,0.1327619052676644
Kelly Olynyk,C,UTA,50.0,1019.0,14.3,9.0,7.7,0.9,0.2,12804878.0,0.0702857145534694
Kelly Olynyk,C,UTA,50.0,1019.0,14.3,9.0,7.7,0.8,-1.4,12804878.0,0.062476190714195017
Kelly Olynyk,C,TOR,28.0,740.0,17.3,7.6,6.2,1.7,-0.7,12804878.0,0.1327619052676644
Kelly Olynyk,C,TOR,28.0,740.0,17.3,7.6,6.2,0.9,0.2,12804878.0,0.0702857145534694
Kelly Olynyk,C,TOR,28.0,740.0,17.3,7.6,6.2,0.8,-1.4,12804878.0,0.062476190714195017
Caleb Martin,SF,MIA,64.0,1756.0,13.1,5.8,2.9,0.6,-3.2,9186594.0,0.06531256306744371
Caleb Martin,SF,MIA,64.0,1756.0,13.1,5.8,2.9,0.6,-2.5,9186594.0,0.06531256306744371
Caleb Martin,SF,MIA,64.0,1756.0,13.1,5.8,2.9,0.0,-5.3,9186594.0,0.0
Sam Hauser,SF,BOS,79.0,1741.0,14.7,5.7,1.7,4.4,0.8,2092344.0,2.1029046848892916
Al Horford,C,BOS,65.0,1740.0,11.6,8.5,3.5,4.4,1.2,9500000.0,0.46315789473684216
Toumani Camara,PF,POR,70.0,1739.0,10.9,7.1,1.8,5.2,-0.1,1891857.0,2.7486221210165462
Obi Toppin,PF,IND,82.0,1730.0,17.5,6.7,2.7,4.3,1.7,12975000.0,0.33140655105973027
Bilal Coulibaly,SF,WAS,63.0,1715.0,11.2,5.4,2.3,0.3,-3.7,6945240.0,0.04319505157489158
OG Anunoby,SF,2TM,50.0,1702.0,15.5,4.4,2.3,6.5,0.7,36637932.0,0.17741176003056067
OG Anunoby,SF,TOR,27.0,900.0,16.3,4.2,2.9,6.5,0.7,36637932.0,0.17741176003056067
OG Anunoby,SF,NYK,23.0,802.0,14.6,4.6,1.6,6.5,0.7,36637932.0,0.17741176003056067
Jabari Walker,SF,POR,72.0,1700.0,13.5,10.8,1.5,2.0,-0.8,2019699.0,0.9902465664438116
Andrew Nembhard,PG,IND,68.0,1697.0,13.3,3.0,5.9,2.8,-2.3,2019699.0,1.3863451930213362
Cason Wallace,SG,OKC,82.0,1692.0,11.9,4.0,2.6,5.2,1.0,5555880.0,0.9359453407920978
Trey Murphy III,SF,NOP,57.0,1690.0,17.9,6.0,2.6,3.5,0.8,5159854.0,0.6783137662422231
Kristaps Porziņģis,C,BOS,57.0,1690.0,24.4,8.7,2.4,5.3,4.7,29268293.0,0.18108333137159724
Kyle Lowry,PG,2TM,60.0,1690.0,10.4,4.1,5.4,1.0,-1.3,2087519.0,0.479037556065358
Kyle Lowry,PG,MIA,37.0,1037.0,10.5,4.5,5.1,1.0,-1.3,2087519.0,0.479037556065358
Kyle Lowry,PG,PHI,23.0,653.0,10.1,3.6,5.8,1.0,-1.3,2087519.0,0.479037556065358
Jordan Clarkson,SG,UTA,55.0,1682.0,20.2,4.0,5.9,0.4,-1.5,14092577.0,0.028383737055330618
De'Andre Hunter,SF,ATL,57.0,1681.0,19.1,4.8,1.9,4.4,0.4,21696429.0,0.20279834990357173
De'Andre Hunter,SF,ATL,57.0,1681.0,19.1,4.8,1.9,2.2,-0.4,21696429.0,0.10139917495178587
De'Andre Hunter,SF,ATL,57.0,1681.0,19.1,4.8,1.9,2.2,1.6,21696429.0,0.10139917495178587
Pat Connaughton,SF,MIL,76.0,1676.0,9.2,5.1,3.5,1.2,-2.3,9423869.0,0.12733623525539245
Christian Braun,SG,DEN,82.0,1655.0,13.1,6.7,2.9,8.0,0.3,3089640.0,2.589298429590502
Simone Fontecchio,SF,2TM,66.0,1644.0,15.2,5.4,2.2,1.6,-2.9,7692308.0,0.20799999168000036
Simone Fontecchio,SF,UTA,50.0,1160.0,13.8,5.5,2.3,1.6,-2.9,7692308.0,0.20799999168000036
Simone Fontecchio,SF,DET,16.0,484.0,18.4,5.2,2.1,1.6,-2.9,7692308.0,0.20799999168000036
Ochai Agbaji,SG,2TM,78.0,1641.0,10.0,4.7,1.8,3.1,-0.7,4310280.0,0.7192108169306867
Ochai Agbaji,SG,UTA,51.0,1003.0,9.8,4.5,1.7,3.1,-0.7,4310280.0,0.7192108169306867
Ochai Agbaji,SG,TOR,27.0,638.0,10.2,5.1,2.0,3.1,-0.7,4310280.0,0.7192108169306867
Julius Randle,PF,NYK,46.0,1630.0,24.3,9.3,5.1,6.2,1.3,33073920.0,0.18745887998761562
Precious Achiuwa,PF,2TM,74.0,1624.0,12.5,10.8,2.2,2.3,-1.9,6000000.0,0.3833333333333333
Precious Achiuwa,C,TOR,25.0,437.0,15.9,11.2,3.6,2.3,-1.9,6000000.0,0.3833333333333333
Precious Achiuwa,PF,NYK,49.0,1187.0,11.3,10.6,1.6,2.3,-1.9,6000000.0,0.3833333333333333
Santi Aldama,PF,MEM,61.0,1618.0,14.6,7.8,3.1,5.0,3.2,3960531.0,1.262456978622311
Cameron Johnson,PF,BRK,58.0,1599.0,17.5,5.7,3.1,5.1,3.1,22500000.0,0.22666666666666666
Malaki Branham,PG,SAS,75.0,1594.0,15.6,3.3,3.5,0.1,-3.2,3217920.0,0.031075974542561658
Paul Reed,C,PHI,82.0,1590.0,13.6,11.0,2.5,1.6,2.9,3913234.0,0.4088689815124779
Paul Reed,C,PHI,82.0,1590.0,13.6,11.0,2.5,1.6,2.9,3913234.0,0.4088689815124779
Ausar Thompson,SF,DET,63.0,1583.0,12.6,9.1,2.7,3.8,1.7,8376000.0,0.45367717287488063
Anfernee Simons,SG,POR,46.0,1582.0,23.6,3.8,5.8,4.2,-0.1,25892857.0,0.16220689744665875
Kevin Huerter,SG,SAC,64.0,1562.0,15.1,5.2,3.8,1.9,-2.0,16830357.0,0.11289124764257823
Kevin Huerter,SG,SAC,64.0,1562.0,15.1,5.2,3.8,0.8,-2.3,16830357.0,0.047533156902138204
Kevin Huerter,SG,SAC,64.0,1562.0,15.1,5.2,3.8,1.1,-1.5,16830357.0,0.06535809074044004
Bennedict Mathurin,SF,IND,59.0,1538.0,20.0,5.5,2.8,3.0,-2.9,7245720.0,0.41403752836157065
Evan Mobley,PF,CLE,50.0,1532.0,18.4,11.0,3.8,9.0,4.6,11227657.0,0.8015919973330143
Chris Paul,PG,GSW,58.0,1531.0,12.5,5.3,9.2,5.7,0.8,10460000.0,0.5449330783938814
Russell Westbrook,PG,LAC,68.0,1529.0,17.8,8.1,7.2,1.9,-1.1,5631296.0,0.3374001295616497
Russell Westbrook,PG,LAC,68.0,1529.0,17.8,8.1,7.2,1.9,-1.1,5631296.0,0.3374001295616497
Nicolas Batum,PF,2TM,60.0,1529.0,7.5,5.8,3.0,3.5,0.8,4668000.0,0.7497857754927163
Nicolas Batum,PF,LAC,3.0,54.0,5.3,4.7,3.3,3.5,0.8,4668000.0,0.7497857754927163
Nicolas Batum,PF,PHI,57.0,1475.0,7.6,5.9,3.0,3.5,0.8,4668000.0,0.7497857754927163
Zach Collins,C,SAS,69.0,1526.0,18.3,8.7,4.6,2.7,0.0,16741200.0,0.16127876137911262
Zach Collins,C,SAS,69.0,1526.0,18.3,8.7,4.6,1.0,-0.1,16741200.0,0.05973287458485652
Zach Collins,C,SAS,69.0,1526.0,18.3,8.7,4.6,1.7,0.1,16741200.0,0.1015458867942561
Josh Green,SG,DAL,57.0,1505.0,11.2,4.4,3.1,1.5,-4.3,12654321.0,0.11853658525020822
Walker Kessler,C,UTA,64.0,1493.0,12.5,11.6,1.4,5.4,1.8,2965920.0,1.8206829584075093
Draymond Green,PF,GSW,55.0,1490.0,11.5,9.6,8.0,3.7,0.5,24107143.0,0.1534814805719616
Peyton Watson,SF,DEN,80.0,1488.0,12.9,6.2,2.1,2.5,-1.8,2413560.0,1.0358143157824955
Matisse Thybulle,SF,POR,65.0,1487.0,8.6,3.3,2.2,0.9,5.0,11025000.0,0.08163265306122448
Khris Middleton,SF,MIL,55.0,1487.0,20.0,6.2,7.1,2.0,0.7,31000000.0,0.06451612903225806
Khris Middleton,SF,MIL,55.0,1487.0,20.0,6.2,7.1,1.7,2.2,31000000.0,0.054838709677419356
Khris Middleton,SF,MIL,55.0,1487.0,20.0,6.2,7.1,0.4,-2.0,31000000.0,0.012903225806451613
Julian Champagnie,SF,SAS,74.0,1468.0,12.4,5.1,2.5,2.5,-1.3,3000000.0,0.8333333333333334
Amir Coffey,SF,LAC,70.0,1460.0,11.4,3.6,1.9,4.0,-1.7,3938271.0,1.0156741372038645
Isaiah Joe,SG,OKC,78.0,1445.0,15.8,4.5,2.5,5.1,1.3,12991650.0,0.39255983651037396
Desmond Bane,SG,MEM,42.0,1443.0,24.9,4.6,5.7,6.5,3.2,34005250.0,0.19114695524955708
Vince Williams Jr.,SG,MEM,52.0,1436.0,13.1,7.3,4.4,0.4,-2.8,2120693.0,0.1886175886844536
Isaiah Stewart,PF,DET,46.0,1423.0,12.7,7.7,1.8,4.3,0.6,15000000.0,0.2866666666666667
Moritz Wagner,C,ORL,80.0,1415.0,22.1,8.8,2.4,2.0,4.0,11000000.0,0.18181818181818182
Tyler Herro,SG,MIA,42.0,1407.0,22.4,5.7,4.8,7.4,3.1,29000000.0,0.25517241379310346
Wendell Carter Jr.,C,ORL,55.0,1406.0,15.4,9.8,2.4,4.6,-1.2,11950000.0,0.38493723849372385
Onyeka Okongwu,C,ATL,55.0,1405.0,14.4,9.6,1.9,7.2,1.3,14000000.0,0.5142857142857143
Amen Thompson,SF,HOU,62.0,1388.0,15.4,10.6,4.2,8.0,4.1,9249960.0,0.8648686048372102
Haywood Highsmith,PF,MIA,66.0,1366.0,10.7,5.5,1.8,3.3,-1.9,5200000.0,0.6346153846153846
Dyson Daniels,PG,NOP,61.0,1358.0,9.4,6.3,4.3,5.0,1.5,6059520.0,0.8251478664976764
Andre Drummond,C,CHI,79.0,1351.0,17.7,18.9,1.0,1.2,-3.2,5000000.0,0.24
Marcus Sasser,PG,DET,71.0,1351.0,15.6,3.3,6.3,1.8,-0.6,2755080.0,0.6533385600418137
Kris Murray,SF,POR,62.0,1348.0,10.0,6.0,2.1,0.7,-3.0,2990040.0,0.23411058046046204
Miles McBride,PG,NYK,68.0,1328.0,15.2,2.7,3.1,3.2,0.0,4710144.0,0.6793847491711507
Jakob Poeltl,C,TOR,50.0,1319.0,15.1,11.7,3.5,5.5,2.0,19500000.0,0.28205128205128205
Joel Embiid,C,PHI,39.0,1309.0,37.2,11.8,6.0,1.4,3.5,51415938.0,0.027228911004210408
Jeff Green,PF,HOU,78.0,1307.0,14.0,4.9,1.9,1.3,0.4,8000000.0,0.1625
Cameron Payne,PG,2TM,78.0,1304.0,16.0,3.2,5.7,2.3,-0.2,2087519.0,1.1017863789503233
Cameron Payne,PG,MIL,47.0,702.0,14.9,3.2,5.6,2.3,-0.2,2087519.0,1.1017863789503233
Cameron Payne,PG,PHI,31.0,602.0,17.2,3.3,5.7,2.3,-0.2,2087519.0,1.1017863789503233
Gary Harris,SG,ORL,54.0,1297.0,10.3,2.5,2.4,1.0,-2.7,7500000.0,0.13333333333333333
Dereck Lively II,C,DAL,55.0,1294.0,13.4,10.5,1.7,3.4,3.3,5014560.0,0.6780255894834242
T.J. McConnell,PG,IND,71.0,1291.0,20.3,5.3,10.9,3.2,1.2,9300000.0,0.3440860215053763
Aaron Holiday,PG,HOU,78.0,1269.0,14.6,3.5,4.0,2.0,-0.2,4668000.0,0.4284490145672665
Gradey Dick,SG,TOR,60.0,1268.0,14.5,3.7,1.9,1.4,-3.2,4763760.0,0.2938855022083396
Naji Marshall,SF,NOP,66.0,1257.0,13.3,6.9,3.7,3.5,-0.8,8571429.0,0.4083333129166677
Kris Dunn,PG,UTA,66.0,1249.0,10.3,5.4,7.3,4.0,0.6,5168000.0,0.7739938080495355
GG Jackson II,PF,MEM,48.0,1233.0,20.4,5.7,1.7,0.1,-5.3,1891857.0,0.05285811771185666
Aaron Wiggins,SG,OKC,78.0,1228.0,15.9,5.5,2.5,5.4,1.1,10514017.0,0.5136000826325466
Larry Nance Jr.,C,NOP,61.0,1216.0,10.4,9.1,3.3,1.3,1.8,11205000.0,0.11601963409192326
Duop Reath,C,POR,68.0,1214.0,18.3,7.4,2.0,1.0,-0.3,2048780.0,0.4880953543084177
Alec Burks,SG,2TM,66.0,1212.0,20.5,4.5,2.6,1.8,0.3,2087519.0,0.8622676009176444
Alec Burks,SG,DET,43.0,901.0,21.6,4.4,2.7,1.8,0.3,2087519.0,0.8622676009176444
Alec Burks,SG,NYK,23.0,311.0,17.2,4.6,2.3,1.8,0.3,2087519.0,0.8622676009176444
Kevon Looney,C,GSW,74.0,1195.0,10.1,12.6,4.0,4.3,0.3,8000000.0,0.5375
David Roddy,PF,2TM,65.0,1177.0,13.0,6.5,2.4,0.5,-1.5,2967212.0,0.16850835059982233
David Roddy,PF,2TM,65.0,1177.0,13.0,6.5,2.4,0.5,-1.5,2967212.0,0.16850835059982233
David Roddy,PF,2TM,65.0,1177.0,13.0,6.5,2.4,0.5,-1.2,2967212.0,0.16850835059982233
David Roddy,PF,2TM,65.0,1177.0,13.0,6.5,2.4,0.5,-1.2,2967212.0,0.16850835059982233
David Roddy,PF,2TM,65.0,1177.0,13.0,6.5,2.4,0.0,2.9,2967212.0,0.0
David Roddy,PF,2TM,65.0,1177.0,13.0,6.5,2.4,0.0,2.9,2967212.0,0.0
David Roddy,PF,2TM,65.0,1177.0,13.0,6.5,2.4,0.0,-8.3,2967212.0,0.0
David Roddy,PF,2TM,65.0,1177.0,13.0,6.5,2.4,0.0,-8.3,2967212.0,0.0
David Roddy,PF,MEM,48.0,1114.0,13.0,6.5,2.5,0.5,-1.5,2967212.0,0.16850835059982233
David Roddy,PF,MEM,48.0,1114.0,13.0,6.5,2.5,0.5,-1.5,2967212.0,0.16850835059982233
David Roddy,PF,MEM,48.0,1114.0,13.0,6.5,2.5,0.5,-1.2,2967212.0,0.16850835059982233
David Roddy,PF,MEM,48.0,1114.0,13.0,6.5,2.5,0.5,-1.2,2967212.0,0.16850835059982233
David Roddy,PF,MEM,48.0,1114.0,13.0,6.5,2.5,0.0,2.9,2967212.0,0.0
David Roddy,PF,MEM,48.0,1114.0,13.0,6.5,2.5,0.0,2.9,2967212.0,0.0
David Roddy,PF,MEM,48.0,1114.0,13.0,6.5,2.5,0.0,-8.3,2967212.0,0.0
David Roddy,PF,MEM,48.0,1114.0,13.0,6.5,2.5,0.0,-8.3,2967212.0,0.0
David Roddy,PF,PHO,17.0,63.0,12.6,6.3,2.3,0.5,-1.5,2967212.0,0.16850835059982233
David Roddy,PF,PHO,17.0,63.0,12.6,6.3,2.3,0.5,-1.5,2967212.0,0.16850835059982233
David Roddy,PF,PHO,17.0,63.0,12.6,6.3,2.3,0.5,-1.2,2967212.0,0.16850835059982233
David Roddy,PF,PHO,17.0,63.0,12.6,6.3,2.3,0.5,-1.2,2967212.0,0.16850835059982233
David Roddy,PF,PHO,17.0,63.0,12.6,6.3,2.3,0.0,2.9,2967212.0,0.0
David Roddy,PF,PHO,17.0,63.0,12.6,6.3,2.3,0.0,2.9,2967212.0,0.0
David Roddy,PF,PHO,17.0,63.0,12.6,6.3,2.3,0.0,-8.3,2967212.0,0.0
David Roddy,PF,PHO,17.0,63.0,12.6,6.3,2.3,0.0,-8.3,2967212.0,0.0
Vasilije Micić,PG,2TM,60.0,1176.0,12.9,2.7,8.0,-1.0,-7.0,7723000.0,-0.12948336138806163
Vasilije Micić,PG,2TM,60.0,1176.0,12.9,2.7,8.0,-0.9,-6.8,7723000.0,-0.11653502524925548
Vasilije Micić,PG,2TM,60.0,1176.0,12.9,2.7,8.0,-0.1,-14.8,7723000.0,-0.012948336138806164
Vasilije Micić,PG,OKC,30.0,361.0,9.9,2.4,7.6,-1.0,-7.0,7723000.0,-0.12948336138806163
Vasilije Micić,PG,OKC,30.0,361.0,9.9,2.4,7.6,-0.9,-6.8,7723000.0,-0.11653502524925548
Vasilije Micić,PG,OKC,30.0,361.0,9.9,2.4,7.6,-0.1,-14.8,7723000.0,-0.012948336138806164
Vasilije Micić,PG,CHO,30.0,815.0,14.3,2.8,8.2,-1.0,-7.0,7723000.0,-0.12948336138806163
Vasilije Micić,PG,CHO,30.0,815.0,14.3,2.8,8.2,-0.9,-6.8,7723000.0,-0.11653502524925548
Vasilije Micić,PG,CHO,30.0,815.0,14.3,2.8,8.2,-0.1,-14.8,7723000.0,-0.012948336138806164
Patrick Williams,PF,CHI,43.0,1174.0,13.2,5.1,2.0,0.4,-3.7,18000000.0,0.022222222222222223
John Konchar,SF,MEM,55.0,1173.0,7.2,7.9,3.4,1.5,1.7,6165000.0,0.24330900243309003
Drew Eubanks,C,PHO,75.0,1169.0,11.7,9.9,1.9,1.7,-0.7,5000000.0,0.33999999999999997
Drew Eubanks,C,PHO,75.0,1169.0,11.7,9.9,1.9,1.2,0.0,5000000.0,0.24
Drew Eubanks,C,PHO,75.0,1169.0,11.7,9.9,1.9,0.5,-2.7,5000000.0,0.1
Joe Ingles,SF,ORL,68.0,1169.0,9.1,4.4,6.3,-0.1,-7.0,2087519.0,-0.0479037556065358
Anthony Black,PG,ORL,69.0,1164.0,9.8,4.3,2.8,2.4,-1.9,7607760.0,0.315467364901101
Jordan Hawkins,SG,NOP,67.0,1160.0,16.3,4.6,2.2,-0.5,-5.4,4525680.0,-0.1104806349543052
Trey Lyles,PF,SAC,58.0,1158.0,13.0,8.0,2.2,2.6,-0.7,8000000.0,0.325
Moses Moody,SG,GSW,66.0,1156.0,16.6,6.1,1.8,3.5,-0.9,5803269.0,0.6031083515170501
Jae Crowder,PF,MIL,50.0,1156.0,9.7,5.0,2.1,0.1,-4.3,1655619.0,0.06040036989186522
Trayce Jackson-Davis,PF,GSW,68.0,1130.0,17.2,10.9,2.6,3.4,1.2,1891857.0,1.7971760022031265
Malcolm Brogdon,PG,POR,39.0,1121.0,19.7,4.8,6.9,0.7,-1.5,22500000.0,0.03111111111111111
Dean Wade,PF,CLE,54.0,1108.0,9.5,7.1,1.4,3.0,0.3,6166667.0,0.48648646018992103
Josh Richardson,SG,MIA,43.0,1103.0,13.9,3.9,3.4,-0.1,-6.7,3051153.0,-0.03277449541206227
Davion Mitchell,PG,SAC,72.0,1101.0,12.4,3.1,4.4,3.0,-2.6,6451077.0,0.4650386284336709
Davion Mitchell,PG,SAC,72.0,1101.0,12.4,3.1,4.4,0.7,-4.3,6451077.0,0.10850901330118987
Davion Mitchell,PG,SAC,72.0,1101.0,12.4,3.1,4.4,2.3,-0.6,6451077.0,0.356529615132481
Dario Šarić,C,GSW,64.0,1098.0,16.9,9.3,4.7,0.0,-4.8,5168000.0,0.0
James Wiseman,C,DET,63.0,1091.0,14.7,11.1,1.8,0.0,1.6,2237691.0,0.0
Dante Exum,PG,DAL,55.0,1088.0,14.2,4.9,5.2,0.6,-2.3,3150000.0,0.19047619047619047
Sam Merrill,SG,CLE,61.0,1069.0,16.3,4.0,3.6,3.3,0.3,2164993.0,1.5242543509378552
Shaedon Sharpe,SG,POR,32.0,1059.0,17.3,5.4,3.2,3.0,-1.3,6614160.0,0.4535723357161
Jordan Goodwin,PG,2TM,57.0,1055.0,12.6,8.6,5.3,1.0,-0.8,223718.0,4.469913015492718
Jordan Goodwin,PG,PHO,40.0,558.0,12.8,7.5,5.0,1.0,-0.8,223718.0,4.469913015492718
Jordan Goodwin,PG,MEM,17.0,497.0,12.3,9.9,5.6,1.0,-0.8,223718.0,4.469913015492718
Marvin Bagley III,C,2TM,50.0,1053.0,19.9,10.7,1.9,0.6,-1.2,12500000.0,0.048
Marvin Bagley III,C,2TM,50.0,1053.0,19.9,10.7,1.9,0.3,-1.0,12500000.0,0.024
Marvin Bagley III,C,2TM,50.0,1053.0,19.9,10.7,1.9,0.3,-1.5,12500000.0,0.024
Marvin Bagley III,C,DET,26.0,478.0,20.0,8.9,2.0,0.6,-1.2,12500000.0,0.048
Marvin Bagley III,C,DET,26.0,478.0,20.0,8.9,2.0,0.3,-1.0,12500000.0,0.024
Marvin Bagley III,C,DET,26.0,478.0,20.0,8.9,2.0,0.3,-1.5,12500000.0,0.024
Marvin Bagley III,C,WAS,24.0,575.0,19.9,12.1,1.8,0.6,-1.2,12500000.0,0.048
Marvin Bagley III,C,WAS,24.0,575.0,19.9,12.1,1.8,0.3,-1.0,12500000.0,0.024
Marvin Bagley III,C,WAS,24.0,575.0,19.9,12.1,1.8,0.3,-1.5,12500000.0,0.024
Torrey Craig,SF,CHI,53.0,1049.0,10.4,7.4,2.0,0.8,-0.9,3625162.0,0.22067979306855806
Torrey Craig,SF,CHI,53.0,1049.0,10.4,7.4,2.0,0.8,-0.9,3625162.0,0.22067979306855806
Torrey Craig,SF,CHI,53.0,1049.0,10.4,7.4,2.0,0.4,2.3,3625162.0,0.11033989653427903
Torrey Craig,SF,CHI,53.0,1049.0,10.4,7.4,2.0,0.4,2.3,3625162.0,0.11033989653427903
Torrey Craig,SF,CHI,53.0,1049.0,10.4,7.4,2.0,0.4,-2.7,3625162.0,0.11033989653427903
Torrey Craig,SF,CHI,53.0,1049.0,10.4,7.4,2.0,0.4,-2.7,3625162.0,0.11033989653427903
Jalen Smith,C,IND,61.0,1047.0,20.7,11.6,2.2,2.9,0.9,8571429.0,0.3383333164166675
Dalano Banton,PG,2TM,54.0,1047.0,19.2,6.1,4.4,0.8,-0.8,2196970.0,0.3641378808085682
Dalano Banton,PG,BOS,24.0,171.0,11.8,7.4,4.0,0.8,-0.8,2196970.0,0.3641378808085682
Dalano Banton,PG,POR,30.0,876.0,20.6,5.9,4.4,0.8,-0.8,2196970.0,0.3641378808085682
Ziaire Williams,SF,MEM,51.0,1038.0,14.6,6.2,2.6,2.1,-2.3,6133005.0,0.3424096344287996
Jae'Sean Tate,SF,HOU,65.0,1031.0,9.3,6.9,2.2,1.6,-0.7,7565217.0,0.21149426381292172
Kenrich Williams,PF,OKC,69.0,1029.0,11.4,7.3,3.3,3.6,0.6,6669000.0,0.5398110661268557
Jose Alvarado,PG,NOP,56.0,1028.0,13.9,4.5,4.1,1.2,-1.4,1988598.0,0.6034402126523309
Quentin Grimes,SG,2TM,51.0,1025.0,12.6,3.5,2.3,3.4,0.4,4296682.0,0.7913082699627294
Quentin Grimes,SG,2TM,51.0,1025.0,12.6,3.5,2.3,1.7,-0.3,4296682.0,0.3956541349813647
Quentin Grimes,SG,2TM,51.0,1025.0,12.6,3.5,2.3,1.6,1.2,4296682.0,0.3723803623354021
Quentin Grimes,SG,NYK,45.0,910.0,12.9,3.5,2.1,3.4,0.4,4296682.0,0.7913082699627294
Quentin Grimes,SG,NYK,45.0,910.0,12.9,3.5,2.1,1.7,-0.3,4296682.0,0.3956541349813647
Quentin Grimes,SG,NYK,45.0,910.0,12.9,3.5,2.1,1.6,1.2,4296682.0,0.3723803623354021
Quentin Grimes,SG,DET,6.0,115.0,10.0,3.8,4.4,3.4,0.4,4296682.0,0.7913082699627294
Quentin Grimes,SG,DET,6.0,115.0,10.0,3.8,4.4,1.7,-0.3,4296682.0,0.3956541349813647
Quentin Grimes,SG,DET,6.0,115.0,10.0,3.8,4.4,1.6,1.2,4296682.0,0.3723803623354021
De'Anthony Melton,SG,PHI,38.0,1023.0,14.8,5.0,4.0,0.2,-0.8,12822000.0,0.015598190609889255
Daniel Theis,C,2TM,60.0,1015.0,13.3,8.7,2.2,1.0,-3.3,2087519.0,0.479037556065358
Daniel Theis,C,IND,1.0,8.0,9.0,0.0,0.0,1.0,-3.3,2087519.0,0.479037556065358
Daniel Theis,C,LAC,59.0,1007.0,13.4,8.7,2.2,1.0,-3.3,2087519.0,0.479037556065358
Lonnie Walker IV,SG,BRK,58.0,1011.0,20.1,4.5,2.6,0.3,-2.4,780932.0,0.3841563670076268
Talen Horton-Tucker,PG,UTA,51.0,1009.0,18.4,4.3,6.3,1.1,-2.4,2087519.0,0.5269413116718938
Killian Hayes,PG,DET,42.0,1008.0,10.3,4.2,7.3,0.3,-0.6,119972.0,2.500583469476211
Jevon Carter,PG,CHI,72.0,1004.0,12.8,2.2,3.4,0.3,-2.1,6500000.0,0.04615384615384615
Luke Kennard,SG,MEM,39.0,999.0,15.5,4.1,4.9,3.9,1.1,9250000.0,0.4216216216216216
Garrison Mathews,SG,ATL,66.0,992.0,11.8,3.3,1.3,1.5,-1.6,2230253.0,0.672569434947515
Jaden Hardy,SG,DAL,73.0,989.0,19.3,4.8,4.0,-0.3,-4.7,2019699.0,-0.14853698496657175
Tre Mann,PG,2TM,41.0,987.0,13.9,5.4,6.0,0.1,-2.4,4908373.0,0.020373349784134173
Tre Mann,PG,OKC,13.0,119.0,14.8,7.3,6.1,0.1,-2.4,4908373.0,0.020373349784134173
Tre Mann,PG,CHO,28.0,868.0,13.8,5.2,6.0,0.1,-2.4,4908373.0,0.020373349784134173
Cam Reddish,SF,LAL,48.0,984.0,9.5,3.6,1.8,0.7,-2.7,2463946.0,0.28409713524565877
Luke Kornet,C,BOS,63.0,983.0,12.2,9.6,2.5,7.0,3.3,2087519.0,3.353262892457506
Keon Ellis,SG,SAC,57.0,978.0,11.4,4.6,3.1,5.0,1.9,2120693.0,2.35771985855567
Xavier Tillman Sr.,PF,2TM,54.0,974.0,10.5,7.8,2.8,-0.3,-8.1,2237691.0,-0.1340667679317654
Xavier Tillman Sr.,C,MEM,34.0,700.0,10.5,8.1,2.9,-0.3,-8.1,2237691.0,-0.1340667679317654
Xavier Tillman Sr.,PF,BOS,20.0,274.0,10.5,7.1,2.6,-0.3,-8.1,2237691.0,-0.1340667679317654
Josh Okogie,SG,PHO,60.0,960.0,10.4,5.8,2.4,1.3,1.5,8250000.0,0.1575757575757576
Josh Okogie,SG,PHO,60.0,960.0,10.4,5.8,2.4,0.7,0.4,8250000.0,0.08484848484848484
Josh Okogie,SG,PHO,60.0,960.0,10.4,5.8,2.4,0.6,3.1,8250000.0,0.07272727272727272
Goga Bitadze,C,ORL,62.0,957.0,11.7,10.8,3.0,5.8,2.5,9057971.0,0.6403200010245119
Max Christie,SG,LAL,67.0,944.0,10.8,5.4,2.3,2.7,-2.5,7142857.0,0.3780000075600002
Max Christie,SG,LAL,67.0,944.0,10.8,5.4,2.3,2.0,-1.8,7142857.0,0.2800000056000001
Max Christie,SG,LAL,67.0,944.0,10.8,5.4,2.3,0.7,-3.4,7142857.0,0.09800000196000003
Kevin Love,PF,MIA,55.0,924.0,18.9,13.2,4.5,0.4,0.4,3850000.0,0.1038961038961039
Day'Ron Sharpe,C,BRK,61.0,921.0,16.2,15.2,3.3,2.7,0.9,3989122.0,0.6768406681971623
Jonathan Isaac,PF,ORL,58.0,914.0,15.5,10.2,1.2,3.4,0.7,25000000.0,0.136
Markelle Fultz,PG,ORL,43.0,910.0,13.3,5.5,4.7,-0.1,-4.7,731831.0,-0.1366435693486611
Doug McDermott,SF,2TM,64.0,904.0,14.0,2.3,2.8,0.4,-3.2,2087519.0,0.1916150224261432
Doug McDermott,SF,SAS,46.0,700.0,14.2,2.5,2.9,0.4,-3.2,2087519.0,0.1916150224261432
Doug McDermott,SF,IND,18.0,204.0,13.2,1.9,2.3,0.4,-3.2,2087519.0,0.1916150224261432
Jaylin Williams,C,OKC,69.0,897.0,11.1,9.4,4.4,3.3,4.3,2019699.0,1.6339068346322891
Nikola Jović,PF,MIA,46.0,896.0,14.1,7.7,3.6,2.5,0.3,2464200.0,1.0145280415550686
Cam Whitmore,SF,HOU,47.0,880.0,23.7,7.4,1.4,1.8,0.3,3379080.0,0.5326893710714159
Jaxson Hayes,C,LAL,70.0,877.0,12.4,8.7,1.4,3.7,-0.3,2463946.0,1.5016562862984824
Blake Wesley,SG,SAS,61.0,876.0,11.0,3.9,6.8,0.2,-4.2,2624280.0,0.07621137988324417
Malachi Flynn,PG,3TM,69.0,876.0,15.6,4.7,5.3,0.0,-2.8,119972.0,0.0
Malachi Flynn,PG,TOR,31.0,474.0,11.9,4.9,5.5,0.0,-2.8,119972.0,0.0
Malachi Flynn,PG,NYK,14.0,60.0,18.6,3.6,3.6,0.0,-2.8,119972.0,0.0
Malachi Flynn,PG,DET,24.0,342.0,20.2,4.5,5.4,0.0,-2.8,119972.0,0.0
Zach LaVine,SG,CHI,25.0,872.0,20.1,5.3,4.0,5.1,0.7,44531940.0,0.11452454126184486
Zach LaVine,SG,CHI,25.0,872.0,20.1,5.3,4.0,3.0,1.6,44531940.0,0.06736737721284992
Zach LaVine,SG,CHI,25.0,872.0,20.1,5.3,4.0,2.1,-0.4,44531940.0,0.04715716404899495
Maxi Kleber,C,DAL,43.0,871.0,7.9,5.9,2.8,0.3,-3.8,11000000.0,0.02727272727272727
Trendon Watford,PF,BRK,63.0,856.0,18.2,8.2,3.4,0.7,-3.1,2726603.0,0.25672971092601304
Taylor Hendricks,PF,UTA,40.0,856.0,12.3,7.8,1.3,0.0,-3.5,5848680.0,0.0
Dwight Powell,C,DAL,63.0,836.0,9.0,9.2,3.6,1.7,0.0,4000000.0,0.425
Caleb Houstan,SF,ORL,59.0,815.0,11.2,3.7,1.3,1.8,-2.2,2019699.0,0.8912219097994305
Ben Sheppard,SG,IND,57.0,814.0,11.1,3.9,2.3,2.1,-2.0,2663880.0,0.788323798369296
Jake LaRavia,PF,MEM,35.0,806.0,16.9,5.7,2.6,2.9,0.2,3352680.0,0.8649796580645931
Jake LaRavia,PF,MEM,35.0,806.0,16.9,5.7,2.6,2.4,1.3,3352680.0,0.715845234260353
Jake LaRavia,PF,MEM,35.0,806.0,16.9,5.7,2.6,0.5,-2.7,3352680.0,0.1491344238042402
Bismack Biyombo,C,2TM,40.0,791.0,7.9,9.5,2.4,0.8,-3.6,647851.0,1.2348518409325602
Bismack Biyombo,C,2TM,40.0,791.0,7.9,9.5,2.4,0.8,-3.6,647851.0,1.2348518409325602
Bismack Biyombo,C,2TM,40.0,791.0,7.9,9.5,2.4,0.8,-3.6,647851.0,1.2348518409325602
Bismack Biyombo,C,MEM,30.0,718.0,7.8,9.6,2.6,0.8,-3.6,647851.0,1.2348518409325602
Bismack Biyombo,C,MEM,30.0,718.0,7.8,9.6,2.6,0.8,-3.6,647851.0,1.2348518409325602
Bismack Biyombo,C,MEM,30.0,718.0,7.8,9.6,2.6,0.8,-3.6,647851.0,1.2348518409325602
Bismack Biyombo,C,OKC,10.0,73.0,8.9,8.9,1.0,0.8,-3.6,647851.0,1.2348518409325602
Bismack Biyombo,C,OKC,10.0,73.0,8.9,8.9,1.0,0.8,-3.6,647851.0,1.2348518409325602
Bismack Biyombo,C,OKC,10.0,73.0,8.9,8.9,1.0,0.8,-3.6,647851.0,1.2348518409325602
Isaiah Jackson,C,IND,59.0,771.0,17.9,11.1,2.3,0.3,0.8,4435381.0,0.0676379323444818
Mitchell Robinson,C,NYK,31.0,768.0,8.1,12.3,0.8,1.3,3.3,14318182.0,0.09079364964071557
Jock Landale,C,HOU,56.0,763.0,12.9,8.1,3.1,1.7,0.4,8000000.0,0.2125
Cody Martin,SF,CHO,28.0,753.0,10.1,5.2,5.0,1.3,-1.7,8120000.0,0.1600985221674877
Cody Martin,SF,CHO,28.0,753.0,10.1,5.2,5.0,1.3,-1.2,8120000.0,0.1600985221674877
Cody Martin,SF,CHO,28.0,753.0,10.1,5.2,5.0,0.0,-4.0,8120000.0,0.0
KJ Martin,SF,2TM,60.0,746.0,10.8,6.3,2.5,1.3,-3.6,7975000.0,0.16300940438871475
KJ Martin,SF,2TM,60.0,746.0,10.8,6.3,2.5,1.1,-1.7,7975000.0,0.13793103448275865
KJ Martin,SF,2TM,60.0,746.0,10.8,6.3,2.5,0.2,-5.6,7975000.0,0.025078369905956115
KJ Martin,SF,LAC,2.0,31.0,11.6,3.5,1.2,1.3,-3.6,7975000.0,0.16300940438871475
KJ Martin,SF,LAC,2.0,31.0,11.6,3.5,1.2,1.1,-1.7,7975000.0,0.13793103448275865
KJ Martin,SF,LAC,2.0,31.0,11.6,3.5,1.2,0.2,-5.6,7975000.0,0.025078369905956115
KJ Martin,SF,PHI,58.0,715.0,10.8,6.4,2.5,1.3,-3.6,7975000.0,0.16300940438871475
KJ Martin,SF,PHI,58.0,715.0,10.8,6.4,2.5,1.1,-1.7,7975000.0,0.13793103448275865
KJ Martin,SF,PHI,58.0,715.0,10.8,6.4,2.5,0.2,-5.6,7975000.0,0.025078369905956115
Delon Wright,PG,2TM,47.0,742.0,10.2,4.2,5.8,0.7,-1.4,2087519.0,0.3353262892457506
Delon Wright,PG,2TM,47.0,742.0,10.2,4.2,5.8,0.2,-2.5,2087519.0,0.0958075112130716
Delon Wright,PG,2TM,47.0,742.0,10.2,4.2,5.8,0.5,0.5,2087519.0,0.239518778032679
Delon Wright,PG,WAS,33.0,456.0,10.6,4.7,6.5,0.7,-1.4,2087519.0,0.3353262892457506
Delon Wright,PG,WAS,33.0,456.0,10.6,4.7,6.5,0.2,-2.5,2087519.0,0.0958075112130716
Delon Wright,PG,WAS,33.0,456.0,10.6,4.7,6.5,0.5,0.5,2087519.0,0.239518778032679
Delon Wright,PG,MIA,14.0,286.0,9.6,3.4,4.7,0.7,-1.4,2087519.0,0.3353262892457506
Delon Wright,PG,MIA,14.0,286.0,9.6,3.4,4.7,0.2,-2.5,2087519.0,0.0958075112130716
Delon Wright,PG,MIA,14.0,286.0,9.6,3.4,4.7,0.5,0.5,2087519.0,0.239518778032679
Mo Bamba,C,PHI,57.0,740.0,12.3,11.6,2.0,1.0,-0.9,2207491.0,0.4530029794005955
Mo Bamba,C,PHI,57.0,740.0,12.3,11.6,2.0,1.0,-0.9,2207491.0,0.4530029794005955
Mo Bamba,C,PHI,57.0,740.0,12.3,11.6,2.0,0.9,-0.2,2207491.0,0.40770268146053595
Mo Bamba,C,PHI,57.0,740.0,12.3,11.6,2.0,0.9,-0.2,2207491.0,0.40770268146053595
Mo Bamba,C,PHI,57.0,740.0,12.3,11.6,2.0,0.1,-4.5,2207491.0,0.045300297940059554
Mo Bamba,C,PHI,57.0,740.0,12.3,11.6,2.0,0.1,-4.5,2207491.0,0.045300297940059554
Nick Smith Jr.,SG,CHO,51.0,729.0,14.9,3.6,2.9,-0.5,-5.7,2587200.0,-0.19325912183055038
Landry Shamet,SG,WAS,46.0,726.0,16.2,3.1,2.7,1.0,-2.4,1343690.0,0.7442192767677068
Chris Duarte,SF,SAC,59.0,719.0,11.5,5.3,2.2,0.3,1.2,5893768.0,0.050901223122457484
LaMelo Ball,PG,CHO,22.0,711.0,26.6,5.7,8.9,2.0,3.2,35147000.0,0.056903860926963895
Chris Boucher,PF,TOR,50.0,705.0,16.4,10.6,1.2,2.7,2.3,10810000.0,0.24976873265494912
Bruno Fernando,C,ATL,45.0,682.0,14.9,10.2,2.4,0.3,-0.7,1115128.0,0.2690274120997769
Dalen Terry,SG,CHI,59.0,681.0,9.5,6.0,4.3,1.1,-3.8,3510480.0,0.31334746245527684
Gary Payton II,SG,GSW,44.0,680.0,12.7,6.0,2.5,3.0,1.4,9130000.0,0.32858707557502737
Mason Plumlee,C,LAC,46.0,674.0,13.0,12.5,2.9,3.7,-0.6,2087519.0,1.7724389574418247
Jalen Wilson,PF,BRK,43.0,664.0,11.6,7.1,2.4,1.9,-3.9,1891857.0,1.0043042365252766
Craig Porter Jr.,PG,CLE,51.0,649.0,15.8,6.0,6.5,1.1,1.1,1891857.0,0.5814392948304233
Rayan Rupert,SG,POR,39.0,633.0,8.8,5.2,3.5,0.1,-4.7,1891857.0,0.05285811771185666
Oshae Brissett,SF,BOS,55.0,630.0,11.5,9.1,2.5,0.1,-6.3,119972.0,0.8335278231587371
Jordan McLaughlin,PG,MIN,56.0,626.0,11.2,4.1,6.3,0.6,-1.6,2087519.0,0.2874225336392148
Jordan McLaughlin,PG,MIN,56.0,626.0,11.2,4.1,6.3,0.2,-3.5,2087519.0,0.0958075112130716
Jordan McLaughlin,PG,MIN,56.0,626.0,11.2,4.1,6.3,0.5,1.3,2087519.0,0.239518778032679
Seth Curry,SG,2TM,44.0,616.0,13.2,4.0,2.6,1.8,-1.7,2087519.0,0.8622676009176444
Seth Curry,SG,DAL,36.0,457.0,12.1,4.1,2.4,1.8,-1.7,2087519.0,0.8622676009176444
Seth Curry,SG,CHO,8.0,159.0,16.3,3.6,3.2,1.8,-1.7,2087519.0,0.8622676009176444
A.J. Green,SG,MIL,56.0,614.0,14.8,3.8,1.8,2.8,-2.2,2120693.0,1.3203231207911752
Johnny Davis,SG,WAS,50.0,613.0,8.9,4.2,1.9,0.1,-2.8,5291160.0,0.018899447380158606
MarJon Beauchamp,SF,MIL,48.0,608.0,12.5,5.9,1.8,0.1,-4.3,2733720.0,0.03658019109491828
MarJon Beauchamp,SF,MIL,48.0,608.0,12.5,5.9,1.8,-0.1,-6.5,2733720.0,-0.03658019109491828
MarJon Beauchamp,SF,MIL,48.0,608.0,12.5,5.9,1.8,0.1,4.0,2733720.0,0.03658019109491828
MarJon Beauchamp,SF,MIL,48.0,608.0,12.5,5.9,1.8,0.1,3.7,2733720.0,0.03658019109491828
Marcus Smart,PG,MEM,20.0,605.0,17.2,3.2,5.1,0.7,-1.5,20210284.0,0.03463583193585998
Marcus Smart,PG,MEM,20.0,605.0,17.2,3.2,5.1,0.4,-1.2,20210284.0,0.01979190396334856
Marcus Smart,PG,MEM,20.0,605.0,17.2,3.2,5.1,0.3,-1.9,20210284.0,0.014843927972511418
Jericho Sims,C,NYK,45.0,585.0,5.7,9.0,1.5,1.3,-3.0,2092344.0,0.6213127478081998
Jericho Sims,C,NYK,45.0,585.0,5.7,9.0,1.5,0.8,-3.5,2092344.0,0.3823463063435075
Jericho Sims,C,NYK,45.0,585.0,5.7,9.0,1.5,0.4,-1.9,2092344.0,0.19117315317175376
Brice Sensabaugh,SF,UTA,32.0,584.0,14.9,6.3,3.4,1.2,-1.2,2571480.0,0.4666573335199962
Jarred Vanderbilt,PF,LAL,29.0,581.0,9.3,8.6,2.2,1.4,-1.0,10714286.0,0.1306666631822223
Shake Milton,SG,3TM,48.0,581.0,13.4,4.6,3.7,1.3,-2.2,2875000.0,0.45217391304347826
Shake Milton,SG,3TM,48.0,581.0,13.4,4.6,3.7,1.0,-0.9,2875000.0,0.34782608695652173
Shake Milton,SG,3TM,48.0,581.0,13.4,4.6,3.7,0.4,-4.0,2875000.0,0.1391304347826087
Shake Milton,SG,MIN,38.0,491.0,13.1,3.7,3.7,1.3,-2.2,2875000.0,0.45217391304347826
Shake Milton,SG,MIN,38.0,491.0,13.1,3.7,3.7,1.0,-0.9,2875000.0,0.34782608695652173
Shake Milton,SG,MIN,38.0,491.0,13.1,3.7,3.7,0.4,-4.0,2875000.0,0.1391304347826087
Shake Milton,SG,DET,4.0,63.0,15.4,10.3,3.4,1.3,-2.2,2875000.0,0.45217391304347826
Shake Milton,SG,DET,4.0,63.0,15.4,10.3,3.4,1.0,-0.9,2875000.0,0.34782608695652173
Shake Milton,SG,DET,4.0,63.0,15.4,10.3,3.4,0.4,-4.0,2875000.0,0.1391304347826087
Shake Milton,SG,NYK,6.0,27.0,14.7,8.0,5.3,1.3,-2.2,2875000.0,0.45217391304347826
Shake Milton,SG,NYK,6.0,27.0,14.7,8.0,5.3,1.0,-0.9,2875000.0,0.34782608695652173
Shake Milton,SG,NYK,6.0,27.0,14.7,8.0,5.3,0.4,-4.0,2875000.0,0.1391304347826087
Zeke Nnaji,PF,DEN,58.0,576.0,11.6,7.9,2.0,1.2,-1.3,8888889.0,0.1349999983125
Andre Jackson Jr.,SG,MIL,57.0,572.0,7.9,7.1,3.1,1.2,-3.4,1891857.0,0.6342974125422799
Jared Butler,SG,WAS,40.0,566.0,16.0,3.7,8.0,1.4,-1.0,745726.0,1.8773651448387207
Jared Butler,SG,WAS,40.0,566.0,16.0,3.7,8.0,0.6,1.0,745726.0,0.8045850620737375
Jared Butler,SG,WAS,40.0,566.0,16.0,3.7,8.0,0.8,-2.1,745726.0,1.0727800827649834
Kevin Knox,SF,DET,31.0,560.0,14.3,4.8,1.5,0.2,-1.3,503883.0,0.39691753839681043
Kevin Knox,SF,DET,31.0,560.0,14.3,4.8,1.5,0.2,-1.3,503883.0,0.39691753839681043
Kevin Knox,SF,DET,31.0,560.0,14.3,4.8,1.5,0.2,-1.3,503883.0,0.39691753839681043
Lamar Stevens,PF,2TM,38.0,559.0,17.5,8.2,1.8,0.2,-4.2,623856.0,0.3205868020825319
Lamar Stevens,PF,2TM,38.0,559.0,17.5,8.2,1.8,0.2,-4.2,623856.0,0.3205868020825319
Lamar Stevens,PF,2TM,38.0,559.0,17.5,8.2,1.8,0.2,-4.2,623856.0,0.3205868020825319
Lamar Stevens,PF,BOS,19.0,122.0,15.6,9.1,2.4,0.2,-4.2,623856.0,0.3205868020825319
Lamar Stevens,PF,BOS,19.0,122.0,15.6,9.1,2.4,0.2,-4.2,623856.0,0.3205868020825319
Lamar Stevens,PF,BOS,19.0,122.0,15.6,9.1,2.4,0.2,-4.2,623856.0,0.3205868020825319
Lamar Stevens,PF,MEM,19.0,437.0,18.0,7.9,1.6,0.2,-4.2,623856.0,0.3205868020825319
Lamar Stevens,PF,MEM,19.0,437.0,18.0,7.9,1.6,0.2,-4.2,623856.0,0.3205868020825319
Lamar Stevens,PF,MEM,19.0,437.0,18.0,7.9,1.6,0.2,-4.2,623856.0,0.3205868020825319
Richaun Holmes,C,2TM,40.0,555.0,12.9,11.8,1.6,2.0,1.1,12648321.0,0.15812375413305846
Richaun Holmes,C,DAL,23.0,237.0,11.8,11.8,2.3,2.0,1.1,12648321.0,0.15812375413305846
Richaun Holmes,PF,WAS,17.0,318.0,13.7,11.8,1.1,2.0,1.1,12648321.0,0.15812375413305846
Tristan Thompson,C,CLE,49.0,549.0,10.6,11.4,3.3,0.4,-4.6,2087519.0,0.1916150224261432
Julian Strawther,SF,DEN,50.0,545.0,15.0,4.0,3.1,1.3,-4.5,2552520.0,0.5093006127278141
Vit Krejci,PG,ATL,22.0,541.0,9.0,3.5,3.3,2.6,0.7,2162606.0,1.2022532074728363
Bones Hyland,PG,LAC,37.0,540.0,17.1,3.7,6.2,0.5,2.7,4158439.0,0.1202374256301463
Bones Hyland,PG,LAC,37.0,540.0,17.1,3.7,6.2,0.4,3.1,4158439.0,0.09618994050411704
Bones Hyland,PG,LAC,37.0,540.0,17.1,3.7,6.2,0.1,-3.2,4158439.0,0.02404748512602926
Jalen McDaniels,SF,TOR,50.0,538.0,11.3,5.3,2.5,0.0,5.6,4861772.0,0.0
Jalen McDaniels,SF,TOR,50.0,538.0,11.3,5.3,2.5,0.0,5.6,4861772.0,0.0
Scotty Pippen Jr.,PG,MEM,21.0,527.0,18.5,4.6,6.7,4.7,1.9,2087519.0,2.251476513507183
Mark Williams,C,CHO,19.0,508.0,17.1,13.0,1.6,4.7,3.5,4094280.0,1.1479429838701798
Jaden Springer,SG,2TM,49.0,507.0,11.6,5.5,3.1,0.5,-2.7,4772772.0,0.10476092300239777
Jaden Springer,SG,2TM,49.0,507.0,11.6,5.5,3.1,0.5,-2.7,4772772.0,0.10476092300239777
Jaden Springer,SG,2TM,49.0,507.0,11.6,5.5,3.1,0.5,-2.7,4772772.0,0.10476092300239777
Jaden Springer,SG,2TM,49.0,507.0,11.6,5.5,3.1,0.4,-0.3,4772772.0,0.08380873840191823
Jaden Springer,SG,2TM,49.0,507.0,11.6,5.5,3.1,0.4,-0.3,4772772.0,0.08380873840191823
Jaden Springer,SG,2TM,49.0,507.0,11.6,5.5,3.1,0.4,-0.3,4772772.0,0.08380873840191823
Jaden Springer,SG,2TM,49.0,507.0,11.6,5.5,3.1,0.1,-4.3,4772772.0,0.020952184600479557
Jaden Springer,SG,2TM,49.0,507.0,11.6,5.5,3.1,0.1,-4.3,4772772.0,0.020952184600479557
Jaden Springer,SG,2TM,49.0,507.0,11.6,5.5,3.1,0.1,-4.3,4772772.0,0.020952184600479557
Jaden Springer,SG,PHI,32.0,377.0,12.2,5.5,3.3,0.5,-2.7,4772772.0,0.10476092300239777
Jaden Springer,SG,PHI,32.0,377.0,12.2,5.5,3.3,0.5,-2.7,4772772.0,0.10476092300239777
Jaden Springer,SG,PHI,32.0,377.0,12.2,5.5,3.3,0.5,-2.7,4772772.0,0.10476092300239777
Jaden Springer,SG,PHI,32.0,377.0,12.2,5.5,3.3,0.4,-0.3,4772772.0,0.08380873840191823
Jaden Springer,SG,PHI,32.0,377.0,12.2,5.5,3.3,0.4,-0.3,4772772.0,0.08380873840191823
Jaden Springer,SG,PHI,32.0,377.0,12.2,5.5,3.3,0.4,-0.3,4772772.0,0.08380873840191823
Jaden Springer,SG,PHI,32.0,377.0,12.2,5.5,3.3,0.1,-4.3,4772772.0,0.020952184600479557
Jaden Springer,SG,PHI,32.0,377.0,12.2,5.5,3.3,0.1,-4.3,4772772.0,0.020952184600479557
Jaden Springer,SG,PHI,32.0,377.0,12.2,5.5,3.3,0.1,-4.3,4772772.0,0.020952184600479557
Jaden Springer,SG,BOS,17.0,130.0,9.7,5.5,2.5,0.5,-2.7,4772772.0,0.10476092300239777
Jaden Springer,SG,BOS,17.0,130.0,9.7,5.5,2.5,0.5,-2.7,4772772.0,0.10476092300239777
Jaden Springer,SG,BOS,17.0,130.0,9.7,5.5,2.5,0.5,-2.7,4772772.0,0.10476092300239777
Jaden Springer,SG,BOS,17.0,130.0,9.7,5.5,2.5,0.4,-0.3,4772772.0,0.08380873840191823
Jaden Springer,SG,BOS,17.0,130.0,9.7,5.5,2.5,0.4,-0.3,4772772.0,0.08380873840191823
Jaden Springer,SG,BOS,17.0,130.0,9.7,5.5,2.5,0.4,-0.3,4772772.0,0.08380873840191823
Jaden Springer,SG,BOS,17.0,130.0,9.7,5.5,2.5,0.1,-4.3,4772772.0,0.020952184600479557
Jaden Springer,SG,BOS,17.0,130.0,9.7,5.5,2.5,0.1,-4.3,4772772.0,0.020952184600479557
Jaden Springer,SG,BOS,17.0,130.0,9.7,5.5,2.5,0.1,-4.3,4772772.0,0.020952184600479557
Patrick Baldwin Jr.,SF,WAS,38.0,493.0,12.3,9.0,2.1,0.2,1.5,2448840.0,0.08167132193201679
Patrick Baldwin Jr.,SF,WAS,38.0,493.0,12.3,9.0,2.1,0.1,-0.2,2448840.0,0.040835660966008394
Patrick Baldwin Jr.,SF,WAS,38.0,493.0,12.3,9.0,2.1,0.1,30.7,2448840.0,0.040835660966008394
P.J. Tucker,PF,2TM,31.0,486.0,3.9,6.3,1.2,0.1,-7.2,12025777.0,0.008315471008650835
P.J. Tucker,PF,2TM,31.0,486.0,3.9,6.3,1.2,0.1,-7.2,12025777.0,0.008315471008650835
P.J. Tucker,PF,2TM,31.0,486.0,3.9,6.3,1.2,0.1,-7.2,12025777.0,0.008315471008650835
P.J. Tucker,PF,2TM,31.0,486.0,3.9,6.3,1.2,0.1,-7.2,12025777.0,0.008315471008650835
P.J. Tucker,PF,PHI,3.0,66.0,3.3,7.6,0.0,0.1,-7.2,12025777.0,0.008315471008650835
P.J. Tucker,PF,PHI,3.0,66.0,3.3,7.6,0.0,0.1,-7.2,12025777.0,0.008315471008650835
P.J. Tucker,PF,PHI,3.0,66.0,3.3,7.6,0.0,0.1,-7.2,12025777.0,0.008315471008650835
P.J. Tucker,PF,PHI,3.0,66.0,3.3,7.6,0.0,0.1,-7.2,12025777.0,0.008315471008650835
P.J. Tucker,PF,LAC,28.0,420.0,3.9,6.1,1.4,0.1,-7.2,12025777.0,0.008315471008650835
P.J. Tucker,PF,LAC,28.0,420.0,3.9,6.1,1.4,0.1,-7.2,12025777.0,0.008315471008650835
P.J. Tucker,PF,LAC,28.0,420.0,3.9,6.1,1.4,0.1,-7.2,12025777.0,0.008315471008650835
P.J. Tucker,PF,LAC,28.0,420.0,3.9,6.1,1.4,0.1,-7.2,12025777.0,0.008315471008650835
Tari Eason,PF,HOU,22.0,480.0,16.1,11.5,2.0,5.0,3.6,3695160.0,1.3531213804003075
Monte Morris,PG,2TM,33.0,476.0,12.4,4.3,5.2,0.8,-1.8,2087519.0,0.3832300448522864
Monte Morris,PG,DET,6.0,68.0,14.3,6.4,4.2,0.8,-1.8,2087519.0,0.3832300448522864
Monte Morris,PG,MIN,27.0,408.0,12.1,4.0,5.4,0.8,-1.8,2087519.0,0.3832300448522864
Bol Bol,PF,PHO,43.0,469.0,17.1,10.5,1.3,0.9,0.8,2087519.0,0.4311338004588222
Anthony Gill,PF,WAS,50.0,466.0,14.6,7.3,2.6,0.5,-4.5,2237691.0,0.22344461321960898
Sandro Mamukelashvili,C,SAS,46.0,451.0,15.2,11.7,3.9,2.2,2.3,2087519.0,1.0538826233437877
Alex Len,C,SAC,48.0,444.0,9.7,10.4,4.1,0.7,-2.6,2831348.0,0.24723206048850227
Alex Len,C,SAC,48.0,444.0,9.7,10.4,4.1,0.7,-2.6,2831348.0,0.24723206048850227
Alex Len,C,SAC,48.0,444.0,9.7,10.4,4.1,0.6,0.3,2831348.0,0.2119131947044305
Alex Len,C,SAC,48.0,444.0,9.7,10.4,4.1,0.6,0.3,2831348.0,0.2119131947044305
Alex Len,C,SAC,48.0,444.0,9.7,10.4,4.1,0.0,-8.9,2831348.0,0.0
Alex Len,C,SAC,48.0,444.0,9.7,10.4,4.1,0.0,-8.9,2831348.0,0.0
Thomas Bryant,C,MIA,38.0,441.0,17.7,11.5,1.9,3.1,0.6,2087519.0,1.4850164238026098
Thomas Bryant,C,MIA,38.0,441.0,17.7,11.5,1.9,0.4,0.0,2087519.0,0.1916150224261432
Thomas Bryant,C,MIA,38.0,441.0,17.7,11.5,1.9,2.6,0.7,2087519.0,1.2454976457699307
Chuma Okeke,SF,ORL,47.0,432.0,8.9,6.7,1.7,0.6,-0.2,355687.0,1.6868763828872015
Chuma Okeke,SF,ORL,47.0,432.0,8.9,6.7,1.7,0.6,-0.2,355687.0,1.6868763828872015
Chuma Okeke,SF,ORL,47.0,432.0,8.9,6.7,1.7,0.6,-0.2,355687.0,1.6868763828872015
Chuma Okeke,SF,ORL,47.0,432.0,8.9,6.7,1.7,0.6,0.3,355687.0,1.6868763828872015
Chuma Okeke,SF,ORL,47.0,432.0,8.9,6.7,1.7,0.6,0.3,355687.0,1.6868763828872015
Chuma Okeke,SF,ORL,47.0,432.0,8.9,6.7,1.7,0.6,0.3,355687.0,1.6868763828872015
Chuma Okeke,SF,ORL,47.0,432.0,8.9,6.7,1.7,0.0,-4.1,355687.0,0.0
Chuma Okeke,SF,ORL,47.0,432.0,8.9,6.7,1.7,0.0,-4.1,355687.0,0.0
Chuma Okeke,SF,ORL,47.0,432.0,8.9,6.7,1.7,0.0,-4.1,355687.0,0.0
Patty Mills,PG,2TM,32.0,415.0,11.0,3.0,2.9,0.1,-3.2,2087519.0,0.0479037556065358
Patty Mills,PG,2TM,32.0,415.0,11.0,3.0,2.9,-0.2,-4.4,2087519.0,-0.0958075112130716
Patty Mills,PG,2TM,32.0,415.0,11.0,3.0,2.9,0.3,2.1,2087519.0,0.1437112668196074
Patty Mills,PG,ATL,19.0,202.0,9.1,3.6,2.5,0.1,-3.2,2087519.0,0.0479037556065358
Patty Mills,PG,ATL,19.0,202.0,9.1,3.6,2.5,-0.2,-4.4,2087519.0,-0.0958075112130716
Patty Mills,PG,ATL,19.0,202.0,9.1,3.6,2.5,0.3,2.1,2087519.0,0.1437112668196074
Patty Mills,PG,MIA,13.0,213.0,12.8,2.5,3.4,0.1,-3.2,2087519.0,0.0479037556065358
Patty Mills,PG,MIA,13.0,213.0,12.8,2.5,3.4,-0.2,-4.4,2087519.0,-0.0958075112130716
Patty Mills,PG,MIA,13.0,213.0,12.8,2.5,3.4,0.3,2.1,2087519.0,0.1437112668196074
Svi Mykhailiuk,SF,BOS,41.0,413.0,14.1,4.4,3.1,-0.1,-3.5,3500000.0,-0.028571428571428574
DeAndre Jordan,C,DEN,36.0,396.0,12.9,14.3,2.4,1.8,-1.2,2087519.0,0.8622676009176444
Kobe Brown,PF,LAC,44.0,394.0,8.1,5.7,2.3,0.5,-2.1,2533920.0,0.19732272526362316
Matt Ryan,SF,NOP,28.0,390.0,14.0,3.7,1.7,-0.1,-7.5,621439.0,-0.1609168397863668
Johnny Juzang,SG,UTA,20.0,372.0,13.9,3.5,2.2,1.6,-2.3,3087519.0,0.5182154344637232
Noah Clowney,PF,BRK,23.0,370.0,12.9,7.9,1.8,0.5,-4.1,3244080.0,0.15412690192596978
Ousmane Dieng,PF,OKC,33.0,365.0,13.1,5.0,3.6,0.9,-0.9,5027040.0,0.17903179604697794
Ben Simmons,PG,BRK,15.0,359.0,9.2,11.9,8.6,1.8,-0.5,40011909.0,0.04498660636262069
Ben Simmons,PG,BRK,15.0,359.0,9.2,11.9,8.6,1.8,-0.5,40011909.0,0.04498660636262069
Ben Simmons,PG,BRK,15.0,359.0,9.2,11.9,8.6,1.1,-1.0,40011909.0,0.027491814999379312
Ben Simmons,PG,BRK,15.0,359.0,9.2,11.9,8.6,1.1,-1.0,40011909.0,0.027491814999379312
Ben Simmons,PG,BRK,15.0,359.0,9.2,11.9,8.6,0.7,0.9,40011909.0,0.017494791363241377
Ben Simmons,PG,BRK,15.0,359.0,9.2,11.9,8.6,0.7,0.9,40011909.0,0.017494791363241377
Brandon Boston Jr.,SF,LAC,32.0,345.0,17.4,5.4,1.4,0.7,-2.5,596581.0,1.1733528221649698
Jarace Walker,PF,IND,33.0,340.0,12.7,6.7,4.2,1.6,-0.9,6362520.0,0.2514726869227916
Olivier-Maxence Prosper,PF,DAL,40.0,336.0,13.0,8.5,2.4,0.9,-2.1,2870400.0,0.31354515050167225
Jeremiah Robinson-Earl,PF,NOP,39.0,334.0,12.4,8.2,2.3,1.7,-2.5,2196970.0,0.7737929967182073
Neemias Queta,C,BOS,28.0,333.0,16.6,13.2,2.2,3.2,-0.7,2162606.0,1.479696255351183
Julian Phillips,SF,CHI,40.0,323.0,9.9,4.0,1.4,1.9,-3.0,1891857.0,1.0043042365252766
Ja Morant,PG,MEM,9.0,318.0,25.6,5.7,8.3,3.5,2.4,36725670.0,0.09530118851473642
A.J. Lawson,SG,DAL,42.0,311.0,15.7,5.8,2.3,0.8,-2.5,100000.0,8.0
Orlando Robinson,C,MIA,36.0,304.0,11.7,9.9,4.0,1.2,-3.4,1691610.0,0.7093833685069253
Orlando Robinson,C,MIA,36.0,304.0,11.7,9.9,4.0,1.2,-3.4,1691610.0,0.7093833685069253
Orlando Robinson,C,MIA,36.0,304.0,11.7,9.9,4.0,1.2,-3.4,1691610.0,0.7093833685069253
Orlando Robinson,C,MIA,36.0,304.0,11.7,9.9,4.0,1.2,-3.4,1691610.0,0.7093833685069253
Orlando Robinson,C,MIA,36.0,304.0,11.7,9.9,4.0,0.1,-2.9,1691610.0,0.05911528070891045
Orlando Robinson,C,MIA,36.0,304.0,11.7,9.9,4.0,0.1,-2.9,1691610.0,0.05911528070891045
Orlando Robinson,C,MIA,36.0,304.0,11.7,9.9,4.0,0.1,-2.9,1691610.0,0.05911528070891045
Orlando Robinson,C,MIA,36.0,304.0,11.7,9.9,4.0,0.1,-2.9,1691610.0,0.05911528070891045
Orlando Robinson,C,MIA,36.0,304.0,11.7,9.9,4.0,1.1,-3.5,1691610.0,0.6502680877980149
Orlando Robinson,C,MIA,36.0,304.0,11.7,9.9,4.0,1.1,-3.5,1691610.0,0.6502680877980149
Orlando Robinson,C,MIA,36.0,304.0,11.7,9.9,4.0,1.1,-3.5,1691610.0,0.6502680877980149
Orlando Robinson,C,MIA,36.0,304.0,11.7,9.9,4.0,1.1,-3.5,1691610.0,0.6502680877980149
Cory Joseph,PG,GSW,26.0,296.0,7.7,3.6,5.1,1.5,-0.8,3303771.0,0.4540266259374515
Ricky Council IV,SG,PHI,32.0,289.0,21.6,5.7,2.0,0.6,-4.3,1891857.0,0.31714870627113995
Garrett Temple,SG,TOR,27.0,289.0,11.0,5.6,3.5,0.2,-3.6,2087519.0,0.0958075112130716
Lindy Waters III,SG,OKC,38.0,280.0,17.6,5.1,3.1,1.0,-2.8,2196970.0,0.45517235101071024
Lindy Waters III,SG,OKC,38.0,280.0,17.6,5.1,3.1,0.8,-3.1,2196970.0,0.3641378808085682
Lindy Waters III,SG,OKC,38.0,280.0,17.6,5.1,3.1,0.2,-1.2,2196970.0,0.09103447020214205
Jared Rhoden,SG,DET,17.0,245.0,12.2,4.8,2.1,0.6,-0.5,119972.0,5.001166938952422
Jared Rhoden,SG,DET,17.0,245.0,12.2,4.8,2.1,-0.1,-8.6,119972.0,-0.8335278231587371
Jared Rhoden,SG,DET,17.0,245.0,12.2,4.8,2.1,0.7,0.0,119972.0,5.834694762111159
Justin Champagnie,SF,WAS,15.0,235.0,13.6,8.1,2.9,2.8,-0.5,1800000.0,1.5555555555555554
Javonte Green,SF,CHI,9.0,230.0,17.2,10.5,0.8,1.6,-2.3,2328350.0,0.687181909936221
Javonte Green,SF,CHI,9.0,230.0,17.2,10.5,0.8,1.6,-2.3,2328350.0,0.687181909936221
Javonte Green,SF,CHI,9.0,230.0,17.2,10.5,0.8,1.4,-2.2,2328350.0,0.6012841711941933
Javonte Green,SF,CHI,9.0,230.0,17.2,10.5,0.8,1.4,-2.2,2328350.0,0.6012841711941933
Javonte Green,SF,CHI,9.0,230.0,17.2,10.5,0.8,0.2,-3.1,2328350.0,0.08589773874202762
Javonte Green,SF,CHI,9.0,230.0,17.2,10.5,0.8,0.2,-3.1,2328350.0,0.08589773874202762
Gabe Vincent,PG,LAL,11.0,218.0,5.6,1.5,3.5,1.3,-4.0,11000000.0,0.11818181818181818
Markieff Morris,PF,DAL,26.0,216.0,11.0,6.5,2.7,-0.2,-7.6,2087519.0,-0.0958075112130716
Markieff Morris,PF,DAL,26.0,216.0,11.0,6.5,2.7,-0.2,-13.1,2087519.0,-0.0958075112130716
Markieff Morris,PF,DAL,26.0,216.0,11.0,6.5,2.7,0.0,-5.8,2087519.0,0.0
Jaylen Nowell,SG,2TM,13.0,214.0,13.6,4.0,3.2,-0.2,-5.7,446743.0,-0.4476846867214484
Jaylen Nowell,SG,2TM,13.0,214.0,13.6,4.0,3.2,-0.2,-5.7,446743.0,-0.4476846867214484
Jaylen Nowell,SG,MEM,9.0,156.0,11.8,3.2,3.7,-0.2,-5.7,446743.0,-0.4476846867214484
Jaylen Nowell,SG,MEM,9.0,156.0,11.8,3.2,3.7,-0.2,-5.7,446743.0,-0.4476846867214484
Jaylen Nowell,SG,DET,4.0,58.0,18.6,6.2,1.9,-0.2,-5.7,446743.0,-0.4476846867214484
Jaylen Nowell,SG,DET,4.0,58.0,18.6,6.2,1.9,-0.2,-5.7,446743.0,-0.4476846867214484
Charles Bassey,C,SAS,19.0,205.0,11.1,13.3,3.7,1.1,-1.1,2087519.0,0.5269413116718938
Taj Gibson,PF,2TM,20.0,204.0,6.0,6.5,1.9,0.4,-5.3,2087519.0,0.1916150224261432
Taj Gibson,PF,NYK,16.0,165.0,3.5,6.1,2.0,0.4,-5.3,2087519.0,0.1916150224261432
Taj Gibson,PF,DET,4.0,39.0,16.6,8.3,1.8,0.4,-5.3,2087519.0,0.1916150224261432
Moses Brown,C,POR,22.0,200.0,13.5,15.5,1.3,0.4,0.1,426632.0,0.9375761780644678
Moses Brown,C,POR,22.0,200.0,13.5,15.5,1.3,0.4,0.1,426632.0,0.9375761780644678
Moses Brown,C,POR,22.0,200.0,13.5,15.5,1.3,0.0,-5.2,426632.0,0.0
Moses Brown,C,POR,22.0,200.0,13.5,15.5,1.3,0.0,-5.2,426632.0,0.0
Moses Brown,C,POR,22.0,200.0,13.5,15.5,1.3,0.3,3.5,426632.0,0.7031821335483508
Moses Brown,C,POR,22.0,200.0,13.5,15.5,1.3,0.3,3.5,426632.0,0.7031821335483508
Kobe Bufkin,SG,ATL,17.0,196.0,14.9,6.1,5.0,0.0,-4.0,4299000.0,0.0
Colby Jones,SG,SAC,30.0,192.0,12.0,7.5,3.7,0.6,-2.8,2120693.0,0.2829263830266804
Colby Jones,SG,SAC,30.0,192.0,12.0,7.5,3.7,0.1,-2.7,2120693.0,0.0471543971711134
Colby Jones,SG,SAC,30.0,192.0,12.0,7.5,3.7,0.5,-2.9,2120693.0,0.235771985855567
Gui Santos,PF,GSW,23.0,192.0,15.4,9.2,2.6,1.7,-1.7,1891857.0,0.8985880011015632
Terry Taylor,PF,CHI,31.0,188.0,8.8,7.1,1.9,0.0,3.3,119972.0,0.0
Sidy Cissoko,SF,SAS,12.0,141.0,11.5,5.6,2.6,-0.1,-5.1,1891857.0,-0.05285811771185666
Sidy Cissoko,SF,SAS,12.0,141.0,11.5,5.6,2.6,0.0,-2.6,1891857.0,0.0
Sidy Cissoko,SF,SAS,12.0,141.0,11.5,5.6,2.6,-0.2,-7.3,1891857.0,-0.10571623542371332
Brandon Clarke,PF,MEM,6.0,134.0,18.3,8.6,2.4,4.4,0.8,12500000.0,0.35200000000000004
Jeenathan Williams,SG,HOU,22.0,129.0,17.6,6.4,2.0,0.0,-5.7,515881.0,0.0
Jalen Pickett,SG,DEN,27.0,122.0,12.4,4.1,6.2,1.1,-1.5,1891857.0,0.5814392948304233
Luka Garza,C,MIN,25.0,122.0,29.2,9.1,1.2,0.7,-2.3,2162606.0,0.32368355585807124
Robert Williams,C,POR,6.0,119.0,12.4,11.5,1.5,1.3,3.0,12428571.0,0.1045977047562427
Brandon Williams,PG,DAL,17.0,113.0,17.2,4.1,5.4,1.3,1.0,47989.0,27.089541353226785
Jalen Hood-Schifino,SG,LAL,21.0,109.0,11.2,4.3,2.6,-0.1,-6.9,3879840.0,-0.02577425873231886
Jalen Hood-Schifino,SG,LAL,21.0,109.0,11.2,4.3,2.6,0.0,-2.4,3879840.0,0.0
Jalen Hood-Schifino,SG,LAL,21.0,109.0,11.2,4.3,2.6,-0.1,-7.1,3879840.0,-0.02577425873231886
Maxwell Lewis,SF,LAL,34.0,103.0,3.8,1.4,2.1,0.2,-4.4,1891857.0,0.10571623542371332
Maxwell Lewis,SF,LAL,34.0,103.0,3.8,1.4,2.1,0.0,-9.4,1891857.0,0.0
Maxwell Lewis,SF,LAL,34.0,103.0,3.8,1.4,2.1,0.3,-3.9,1891857.0,0.15857435313556997
Josh Minott,SF,MIN,32.0,91.0,19.8,6.7,3.2,0.9,2.2,2019699.0,0.44561095489971525
Chris Livingston,SF,MIL,21.0,90.0,10.4,8.4,2.0,0.1,-6.1,1891857.0,0.05285811771185666
Cole Swider,SF,MIA,18.0,87.0,17.4,2.9,2.1,0.0,-7.3,227947.0,0.0
Cole Swider,SF,MIA,18.0,87.0,17.4,2.9,2.1,0.0,-7.3,227947.0,0.0
Cole Swider,SF,MIA,18.0,87.0,17.4,2.9,2.1,-0.1,-20.4,227947.0,-0.43869846938104035
Cole Swider,SF,MIA,18.0,87.0,17.4,2.9,2.1,-0.1,-20.4,227947.0,-0.43869846938104035
Cole Swider,SF,MIA,18.0,87.0,17.4,2.9,2.1,0.1,-6.2,227947.0,0.43869846938104035
Cole Swider,SF,MIA,18.0,87.0,17.4,2.9,2.1,0.1,-6.2,227947.0,0.43869846938104035
Jordan Walsh,SF,BOS,9.0,83.0,6.5,8.7,2.2,0.4,-3.9,1891857.0,0.21143247084742664
Ryan Rollins,PG,2TM,13.0,78.0,20.3,6.0,6.5,1.7,-0.5,1091887.0,1.556937668458366
Ryan Rollins,PG,2TM,13.0,78.0,20.3,6.0,6.5,1.7,-0.5,1091887.0,1.556937668458366
Ryan Rollins,PG,WAS,10.0,66.0,22.4,6.0,6.0,1.7,-0.5,1091887.0,1.556937668458366
Ryan Rollins,PG,WAS,10.0,66.0,22.4,6.0,6.0,1.7,-0.5,1091887.0,1.556937668458366
Ryan Rollins,PG,MIL,3.0,12.0,9.0,6.0,9.0,1.7,-0.5,1091887.0,1.556937668458366
Ryan Rollins,PG,MIL,3.0,12.0,9.0,6.0,9.0,1.7,-0.5,1091887.0,1.556937668458366
Wendell Moore Jr.,SG,MIN,25.0,75.0,8.6,5.8,2.9,0.7,-2.7,2537040.0,0.2759120865260303
Wendell Moore Jr.,SG,MIN,25.0,75.0,8.6,5.8,2.9,0.5,0.0,2537040.0,0.19708006180430737
Wendell Moore Jr.,SG,MIN,25.0,75.0,8.6,5.8,2.9,0.1,-4.7,2537040.0,0.03941601236086147
Mouhamed Gueye,PF,ATL,6.0,73.0,11.8,10.8,2.0,1.2,-0.6,1891857.0,0.6342974125422799
Isaiah Mobley,PF,CLE,10.0,72.0,11.5,5.0,3.0,0.0,4.7,11997.0,0.0
Jett Howard,SF,ORL,18.0,67.0,15.6,3.8,3.2,0.1,-5.3,5278320.0,0.018945422028221102
Moussa Diabaté,C,LAC,11.0,64.0,16.3,13.5,2.3,3.2,-1.9,957763.0,3.3411188362883095
Keon Johnson,SG,BRK,5.0,61.0,18.3,4.1,1.8,0.5,-3.3,2162606.0,0.23120253989862233
Braxton Key,SF,DEN,20.0,60.0,13.2,10.8,5.4,-0.1,-13.6,11997.0,-8.335417187630242
Colin Castleton,C,LAL,16.0,59.0,14.6,7.3,1.8,0.7,-5.0,421081.0,1.6623879966087285
Colin Castleton,C,LAL,16.0,59.0,14.6,7.3,1.8,0.7,-5.0,421081.0,1.6623879966087285
Colin Castleton,C,LAL,16.0,59.0,14.6,7.3,1.8,0.7,-5.0,421081.0,1.6623879966087285
Colin Castleton,C,LAL,16.0,59.0,14.6,7.3,1.8,0.7,-5.0,421081.0,1.6623879966087285
Colin Castleton,C,LAL,16.0,59.0,14.6,7.3,1.8,0.1,-7.1,421081.0,0.23748399951553267
Colin Castleton,C,LAL,16.0,59.0,14.6,7.3,1.8,0.1,-7.1,421081.0,0.23748399951553267
Colin Castleton,C,LAL,16.0,59.0,14.6,7.3,1.8,0.1,-7.1,421081.0,0.23748399951553267
Colin Castleton,C,LAL,16.0,59.0,14.6,7.3,1.8,0.1,-7.1,421081.0,0.23748399951553267
Colin Castleton,C,LAL,16.0,59.0,14.6,7.3,1.8,0.3,-5.7,421081.0,0.7124519985465979
Colin Castleton,C,LAL,16.0,59.0,14.6,7.3,1.8,0.3,-5.7,421081.0,0.7124519985465979
Colin Castleton,C,LAL,16.0,59.0,14.6,7.3,1.8,0.3,-5.7,421081.0,0.7124519985465979
Colin Castleton,C,LAL,16.0,59.0,14.6,7.3,1.8,0.3,-5.7,421081.0,0.7124519985465979
Colin Castleton,C,LAL,16.0,59.0,14.6,7.3,1.8,0.3,-2.0,421081.0,0.7124519985465979
Colin Castleton,C,LAL,16.0,59.0,14.6,7.3,1.8,0.3,-2.0,421081.0,0.7124519985465979
Colin Castleton,C,LAL,16.0,59.0,14.6,7.3,1.8,0.3,-2.0,421081.0,0.7124519985465979
Colin Castleton,C,LAL,16.0,59.0,14.6,7.3,1.8,0.3,-2.0,421081.0,0.7124519985465979
Leonard Miller,SF,MIN,17.0,52.0,20.1,13.8,5.5,0.1,-3.7,1891857.0,0.05285811771185666
Daishen Nix,PG,MIN,15.0,50.0,19.4,2.2,4.3,-0.1,-16.2,119972.0,-0.8335278231587371
Jay Huff,C,DEN,20.0,49.0,16.9,8.1,1.5,2.5,3.5,2088033.0,1.1972990848324716
Hunter Tyson,PF,DEN,18.0,48.0,15.0,6.8,1.5,0.4,-4.8,1891857.0,0.21143247084742664
James Johnson,PF,IND,9.0,47.0,6.1,3.1,6.1,-0.1,-9.7,2087519.0,-0.0479037556065358
DaQuan Jeffries,SG,NYK,17.0,46.0,11.0,3.9,3.9,0.6,-4.7,2425404.0,0.2473814671700055
JD Davison,SG,BOS,8.0,39.0,14.8,9.2,9.2,-0.2,-6.2,11997.0,-16.670834375260483
Jordan Miller,SF,LAC,8.0,28.0,16.7,6.4,0.0,0.4,-2.8,1050000.0,0.38095238095238093
Pat Spencer,PG,GSW,6.0,26.0,5.5,5.5,6.9,0.3,-1.6,438810.0,0.683667190811513
Dariq Whitehead,SF,BRK,2.0,24.0,4.5,6.0,4.5,0.1,-3.7,3114240.0,0.03211056309083436
E.J. Liddell,PF,NOP,8.0,23.0,6.3,7.8,1.6,0.1,-4.1,706898.0,0.1414631248072565
Ty Jerome,SG,CLE,2.0,15.0,9.6,2.4,7.2,5.9,4.3,2560975.0,2.3038100723357315
